symbol,datasetGroup,apiPosition,historicalBinanceArrayPosition,profitClass,netProfit,grossProfit,fees,returnPct,signals,accepted,buys,sells,winningPositions,losingPositions,flatPositions,winRate,priceMin,priceMax,priceTick,lotMin,lotMax,lotStep,marketLotMin,marketLotMax,marketLotStep,percentBidUp,percentBidDown,percentAskUp,percentAskDown,percentAvgPriceMins,minNotional,maxNotional,baseAssetPrecision,quotePrecision,quoteAssetPrecision,structuralFingerprint,cohortCatalogueCount,cohortStrategyCount,cohortPositiveRate,cohortFlatRate,cohortNegativeRate,cohortTotalNetProfit,cohortMeanNetProfit,cohortMedianNetProfit,cohortPositiveNetProfit,cohortNegativeNetProfit
ZECUSDT,Sample,477,477,positive,19.093584879365956,21.855440319685595,2.761855440319688,0.013936923269610187,4218,137,137,405,128,9,0,0.9343065693430657,0.01,100000,0.01,0.001,90000,0.001,0,891.47963333,0,1.2,0.5,2,0.8,5,5,9000000,8,8,8,priceMin=0.01|priceMax=100000|priceTick=0.01|lotMin=0.001|lotMax=90000|lotStep=0.001|bidUp=1.2|bidDown=0.5|askUp=2|askDown=0.8|percentMins=5|minNotional=5|maxNotional=9000000|basePrecision=8|quotePrecision=8|quoteAssetPrecision=8,13,4,1,0,0,34.44264122970805,8.610660307427013,6.302462444023119,34.44264122970805,0
YFIUSDT,Sample,912,912,positive,10.855240665586129,13.128369034620729,2.273128369034623,0.009606407668660291,4090,113,113,307,88,25,0,0.7787610619469026,1,1000000,1,0.00001,9000,0.00001,0,3.54216537,0,1.2,0.5,2,0.8,5,5,9000000,8,8,8,priceMin=1|priceMax=1000000|priceTick=1|lotMin=0.00001|lotMax=9000|lotStep=0.00001|bidUp=1.2|bidDown=0.5|askUp=2|askDown=0.8|percentMins=5|minNotional=5|maxNotional=9000000|basePrecision=8|quotePrecision=8|quoteAssetPrecision=8,1,1,1,0,0,10.855240665586129,10.855240665586129,10.855240665586129,10.855240665586129,0
COMPUSDT,Sample,833,833,positive,8.681159349790141,10.631791140931044,1.9506317911409343,0.00894964881421664,3455,97,97,254,79,18,0,0.8144329896907216,0.01,100000,0.01,0.001,90000,0.001,0,1603.21988333,0,1.2,0.5,2,0.8,5,5,9000000,8,8,8,priceMin=0.01|priceMax=100000|priceTick=0.01|lotMin=0.001|lotMax=90000|lotStep=0.001|bidUp=1.2|bidDown=0.5|askUp=2|askDown=0.8|percentMins=5|minNotional=5|maxNotional=9000000|basePrecision=8|quotePrecision=8|quoteAssetPrecision=8,13,4,1,0,0,34.44264122970805,8.610660307427013,6.302462444023119,34.44264122970805,0
BTCUSDT,Sample,11,11,positive,5.414565649921552,7.522087737659184,2.107522087737661,0.005156729190401478,4393,105,105,247,79,26,0,0.7523809523809524,0.01,1000000,0.01,0.00001,9000,0.00001,0,129.73847458,0,1.2,0.5,2,0.8,5,5,9000000,8,8,8,priceMin=0.01|priceMax=1000000|priceTick=0.01|lotMin=0.00001|lotMax=9000|lotStep=0.00001|bidUp=1.2|bidDown=0.5|askUp=2|askDown=0.8|percentMins=5|minNotional=5|maxNotional=9000000|basePrecision=8|quotePrecision=8|quoteAssetPrecision=8,9,1,1,0,0,5.414565649921552,5.414565649921552,5.414565649921552,5.414565649921552,0
DCRUSDT,Sample,882,882,positive,5.315004369275451,7.3023066759513755,1.9873023066759534,0.005368691282096415,3480,99,99,246,58,41,0,0.5858585858585859,0.01,100000,0.01,0.001,900000,0.001,0,494.2534,0,1.2,0.5,2,0.8,5,5,9000000,8,8,8,priceMin=0.01|priceMax=100000|priceTick=0.01|lotMin=0.001|lotMax=900000|lotStep=0.001|bidUp=1.2|bidDown=0.5|askUp=2|askDown=0.8|percentMins=5|minNotional=5|maxNotional=9000000|basePrecision=8|quotePrecision=8|quoteAssetPrecision=8,12,3,0.6666666666666666,0,0.3333333333333333,9.53766483000453,3.1792216100015103,4.23979032319625,9.554794692471702,-0.017129862467172297
AAVEUSDT,OutOfSample,1092,1092,positive,4.23979032319625,5.325115438634867,1.0853251154386372,0.007851463561474538,4276,54,54,149,47,7,0,0.8703703703703703,0.01,100000,0.01,0.001,900000,0.001,0,1471.16899583,0,1.2,0.5,2,0.8,5,5,9000000,8,8,8,priceMin=0.01|priceMax=100000|priceTick=0.01|lotMin=0.001|lotMax=900000|lotStep=0.001|bidUp=1.2|bidDown=0.5|askUp=2|askDown=0.8|percentMins=5|minNotional=5|maxNotional=9000000|basePrecision=8|quotePrecision=8|quoteAssetPrecision=8,12,3,0.6666666666666666,0,0.3333333333333333,9.53766483000453,3.1792216100015103,4.23979032319625,9.554794692471702,-0.017129862467172297
SOLUSDT,Sample,779,779,positive,4.087759926981848,5.253012939921752,1.1652530129399232,0.0070478619430721515,4104,58,58,150,42,16,0,0.7241379310344828,0.01,10000,0.01,0.001,90000,0.001,0,89933.73975416,0,1.2,0.5,2,0.8,5,5,9000000,8,8,8,priceMin=0.01|priceMax=10000|priceTick=0.01|lotMin=0.001|lotMax=90000|lotStep=0.001|bidUp=1.2|bidDown=0.5|askUp=2|askDown=0.8|percentMins=5|minNotional=5|maxNotional=9000000|basePrecision=8|quotePrecision=8|quoteAssetPrecision=8,8,1,1,0,0,4.087759926981848,4.087759926981848,4.087759926981848,4.087759926981848,0
LTCUSDT,Sample,190,190,positive,3.923765538256096,5.409174712969043,1.4854091747129703,0.005302385862508238,3623,74,74,177,52,22,0,0.7027027027027027,0.01,100000,0.01,0.001,90000,0.001,0,8160.48570416,0,1.2,0.5,2,0.8,5,5,9000000,8,8,8,priceMin=0.01|priceMax=100000|priceTick=0.01|lotMin=0.001|lotMax=90000|lotStep=0.001|bidUp=1.2|bidDown=0.5|askUp=2|askDown=0.8|percentMins=5|minNotional=5|maxNotional=9000000|basePrecision=8|quotePrecision=8|quoteAssetPrecision=8,13,4,1,0,0,34.44264122970805,8.610660307427013,6.302462444023119,34.44264122970805,0
ETHUSDT,Sample,12,12,positive,3.237304214147783,4.681986200348114,1.4446819862003495,0.004496255852983032,4156,72,72,170,50,22,0,0.6944444444444444,0.01,1000000,0.01,0.0001,9000,0.0001,0,2086.9197425,0,1.2,0.5,2,0.8,5,5,9000000,8,8,8,priceMin=0.01|priceMax=1000000|priceTick=0.01|lotMin=0.0001|lotMax=9000|lotStep=0.0001|bidUp=1.2|bidDown=0.5|askUp=2|askDown=0.8|percentMins=5|minNotional=5|maxNotional=9000000|basePrecision=8|quotePrecision=8|quoteAssetPrecision=8,7,1,1,0,0,3.237304214147783,3.237304214147783,3.237304214147783,3.237304214147783,0
DASHUSDT,Sample,490,490,positive,2.744131462295859,4.128259722017863,1.3841282597220197,0.00397700211926936,3985,69,69,188,55,14,0,0.7971014492753623,0.01,100000,0.01,0.001,90000,0.001,0,3052.61434166,0,1.2,0.5,2,0.8,5,5,9000000,8,8,8,priceMin=0.01|priceMax=100000|priceTick=0.01|lotMin=0.001|lotMax=90000|lotStep=0.001|bidUp=1.2|bidDown=0.5|askUp=2|askDown=0.8|percentMins=5|minNotional=5|maxNotional=9000000|basePrecision=8|quotePrecision=8|quoteAssetPrecision=8,13,4,1,0,0,34.44264122970805,8.610660307427013,6.302462444023119,34.44264122970805,0
INJUSDT,OutOfSample,1113,1113,positive,2.111644872167153,2.694339211378523,0.5826943392113787,0.007281534041955699,2617,29,29,82,20,9,0,0.6896551724137931,0.001,10000,0.001,0.01,90000,0.01,0,27482.746625,0,1.2,0.5,2,0.8,5,5,9000000,8,8,8,priceMin=0.001|priceMax=10000|priceTick=0.001|lotMin=0.01|lotMax=90000|lotStep=0.01|bidUp=1.2|bidDown=0.5|askUp=2|askDown=0.8|percentMins=5|minNotional=5|maxNotional=9000000|basePrecision=8|quotePrecision=8|quoteAssetPrecision=8,35,7,0.7142857142857143,0.14285714285714285,0.14285714285714285,4.476389349545711,0.6394841927922444,0.2854040668351565,5.120980852199235,-0.6445915026535254
MORPHOUSDT,OutOfSample,3322,3322,positive,2.0610158762057993,2.343359235441237,0.2823433592354412,0.014721541972898567,1420,14,14,42,13,1,0,0.9285714285714286,0.001,1000,0.001,0.01,92141578,0.01,0,127949.58345833,0,1.2,0.5,2,0.8,5,5,9000000,8,8,8,priceMin=0.001|priceMax=1000|priceTick=0.001|lotMin=0.01|lotMax=92141578|lotStep=0.01|bidUp=1.2|bidDown=0.5|askUp=2|askDown=0.8|percentMins=5|minNotional=5|maxNotional=9000000|basePrecision=8|quotePrecision=8|quoteAssetPrecision=8,37,5,0.8,0,0.2,1.7066986117857603,0.34133972235715204,0.05521301482701779,2.5018488148906846,-0.7951502031049242
LINKUSDT,Sample,431,431,positive,1.6724414212861214,2.695136557843952,1.0226951365578454,0.003279296904482591,3041,51,51,139,35,16,0,0.6862745098039216,0.001,10000,0.001,0.01,90000,0.01,0,25266.21833333,0,1.2,0.5,2,0.8,5,5,9000000,8,8,8,priceMin=0.001|priceMax=10000|priceTick=0.001|lotMin=0.01|lotMax=90000|lotStep=0.01|bidUp=1.2|bidDown=0.5|askUp=2|askDown=0.8|percentMins=5|minNotional=5|maxNotional=9000000|basePrecision=8|quotePrecision=8|quoteAssetPrecision=8,35,7,0.7142857142857143,0.14285714285714285,0.14285714285714285,4.476389349545711,0.6394841927922444,0.2854040668351565,5.120980852199235,-0.6445915026535254
ONGUSDT,Sample,464,464,positive,1.2586000000000033,1.4000000000000017,0.14139999999999997,0.017980000000000048,63,7,7,21,7,0,0,1,0.00001,1000,0.00001,1,900000,1,0,169284.525,0,1.2,0.5,2,0.8,5,5,9000000,8,8,8,priceMin=0.00001|priceMax=1000|priceTick=0.00001|lotMin=1|lotMax=900000|lotStep=1|bidUp=1.2|bidDown=0.5|askUp=2|askDown=0.8|percentMins=5|minNotional=5|maxNotional=9000000|basePrecision=8|quotePrecision=8|quoteAssetPrecision=8,6,2,0.5,0.5,0,1.2586000000000033,0.6293000000000016,0.6293000000000016,1.2586000000000033,0
MSTRBUSDT,OutOfSample,3605,3605,positive,1.2046467261945655,1.9666133395340886,0.7619666133395345,0.003170122963669909,4199,38,38,101,28,10,0,0.7368421052631579,0.01,100000,0.01,0.001,922327,0.001,0,2690.66514583,0,1.1,0.8,1.2,0.9,5,5,9000000,8,8,8,priceMin=0.01|priceMax=100000|priceTick=0.01|lotMin=0.001|lotMax=922327|lotStep=0.001|bidUp=1.1|bidDown=0.8|askUp=1.2|askDown=0.9|percentMins=5|minNotional=5|maxNotional=9000000|basePrecision=8|quotePrecision=8|quoteAssetPrecision=8,45,5,0.2,0,0.8,-8.391816402074612,-1.6783632804149224,-1.058746592083142,1.2046467261945655,-9.596463128269178
ZENUSDT,Sample,842,842,positive,1.0768324804883163,1.6785109914797895,0.6016785109914803,0.003589441601627721,2736,30,30,83,23,7,0,0.7666666666666667,0.001,100000,0.001,0.01,900000,0.01,0,8680.394625,0,1.2,0.5,2,0.8,5,5,9000000,8,8,8,priceMin=0.001|priceMax=100000|priceTick=0.001|lotMin=0.01|lotMax=900000|lotStep=0.01|bidUp=1.2|bidDown=0.5|askUp=2|askDown=0.8|percentMins=5|minNotional=5|maxNotional=9000000|basePrecision=8|quotePrecision=8|quoteAssetPrecision=8,4,1,1,0,0,1.0768324804883163,1.0768324804883163,1.0768324804883163,1.0768324804883163,0
CRCLBUSDT,OutOfSample,3592,3592,positive,0.9445948222780676,1.946541363641694,1.0019465413636426,0.0018891896445561351,4352,50,50,127,36,14,0,0.72,0.01,10000,0.01,0.01,9222449,0.01,0,3769.94733333,0,1.1,0.8,1.2,0.9,5,5,9000000,8,8,8,priceMin=0.01|priceMax=10000|priceTick=0.01|lotMin=0.01|lotMax=9222449|lotStep=0.01|bidUp=1.1|bidDown=0.8|askUp=1.2|askDown=0.9|percentMins=5|minNotional=5|maxNotional=9000000|basePrecision=8|quotePrecision=8|quoteAssetPrecision=8,25,1,1,0,0,0.9445948222780676,0.9445948222780676,0.9445948222780676,0.9445948222780676,0
ATOMUSDT,Sample,502,502,positive,0.928753739074089,1.0898435826567439,0.1610898435826567,0.011609421738426112,449,8,8,22,7,1,0,0.875,0.001,10000,0.001,0.01,90000,0.01,0,50498.7915,0,1.2,0.5,2,0.8,5,5,9000000,8,8,8,priceMin=0.001|priceMax=10000|priceTick=0.001|lotMin=0.01|lotMax=90000|lotStep=0.01|bidUp=1.2|bidDown=0.5|askUp=2|askDown=0.8|percentMins=5|minNotional=5|maxNotional=9000000|basePrecision=8|quotePrecision=8|quoteAssetPrecision=8,35,7,0.7142857142857143,0.14285714285714285,0.14285714285714285,4.476389349545711,0.6394841927922444,0.2854040668351565,5.120980852199235,-0.6445915026535254
ZROUSDT,OutOfSample,2670,2670,positive,0.3595999999999995,0.399999999999999,0.0404,0.017979999999999975,656,2,2,6,2,0,0,1,0.001,1000,0.001,0.01,92141578,0.01,0,101277.79366666,0,1.2,0.5,2,0.8,5,5,9000000,8,8,8,priceMin=0.001|priceMax=1000|priceTick=0.001|lotMin=0.01|lotMax=92141578|lotStep=0.01|bidUp=1.2|bidDown=0.5|askUp=2|askDown=0.8|percentMins=5|minNotional=5|maxNotional=9000000|basePrecision=8|quotePrecision=8|quoteAssetPrecision=8,37,5,0.8,0,0.2,1.7066986117857603,0.34133972235715204,0.05521301482701779,2.5018488148906846,-0.7951502031049242
NEOUSDT,Sample,141,141,positive,0.2854040668351565,0.3857898566918463,0.10038578985669183,0.00570808133670313,745,5,5,15,4,1,0,0.8,0.001,10000,0.001,0.01,90000,0.01,0,5739.0735,0,1.2,0.5,2,0.8,5,5,9000000,8,8,8,priceMin=0.001|priceMax=10000|priceTick=0.001|lotMin=0.01|lotMax=90000|lotStep=0.01|bidUp=1.2|bidDown=0.5|askUp=2|askDown=0.8|percentMins=5|minNotional=5|maxNotional=9000000|basePrecision=8|quotePrecision=8|quoteAssetPrecision=8,35,7,0.7142857142857143,0.14285714285714285,0.14285714285714285,4.476389349545711,0.6394841927922444,0.2854040668351565,5.120980852199235,-0.6445915026535254
CRVUSDT,Sample,939,939,positive,0.17980000000000174,0.2000000000000015,0.020200000000000003,0.017980000000000173,14,1,1,3,1,0,0,1,0.0001,10000,0.0001,0.1,922327,0.1,0,261695.69916666,0,1.2,0.5,2,0.8,5,5,9000000,8,8,8,priceMin=0.0001|priceMax=10000|priceTick=0.0001|lotMin=0.1|lotMax=922327|lotStep=0.1|bidUp=1.2|bidDown=0.5|askUp=2|askDown=0.8|percentMins=5|minNotional=5|maxNotional=9000000|basePrecision=8|quotePrecision=8|quoteAssetPrecision=8,3,1,1,0,0,0.17980000000000174,0.17980000000000174,0.17980000000000174,0.17980000000000174,0
QTUMUSDT,Sample,279,279,positive,0.17980000000000085,0.20000000000000062,0.020200000000000003,0.017980000000000086,96,1,1,3,1,0,0,1,0.001,10000,0.001,0.1,90000,0.1,0,8393.29708333,0,1.2,0.5,2,0.8,5,5,9000000,8,8,8,priceMin=0.001|priceMax=10000|priceTick=0.001|lotMin=0.1|lotMax=90000|lotStep=0.1|bidUp=1.2|bidDown=0.5|askUp=2|askDown=0.8|percentMins=5|minNotional=5|maxNotional=9000000|basePrecision=8|quotePrecision=8|quoteAssetPrecision=8,8,1,1,0,0,0.17980000000000085,0.17980000000000085,0.17980000000000085,0.17980000000000085,0
STXUSDT,Sample,639,639,positive,0.17980000000000085,0.20000000000000062,0.020200000000000003,0.017980000000000086,7,1,1,3,1,0,0,1,0.0001,1000,0.0001,0.1,900000,0.1,0,195570.34375,0,1.2,0.5,2,0.8,5,5,9000000,8,8,8,priceMin=0.0001|priceMax=1000|priceTick=0.0001|lotMin=0.1|lotMax=900000|lotStep=0.1|bidUp=1.2|bidDown=0.5|askUp=2|askDown=0.8|percentMins=5|minNotional=5|maxNotional=9000000|basePrecision=8|quotePrecision=8|quoteAssetPrecision=8,20,5,0.2,0.8,0,0.17980000000000085,0.03596000000000017,0,0.17980000000000085,0
METUSDT,OutOfSample,3391,3391,positive,0.17979999999999996,0.19999999999999973,0.020200000000000003,0.017979999999999996,5,1,1,3,1,0,0,1,0.0001,1000,0.0001,0.1,92141578,0.1,0,126904.29375,0,1.2,0.5,2,0.8,5,5,9000000,8,8,8,priceMin=0.0001|priceMax=1000|priceTick=0.0001|lotMin=0.1|lotMax=92141578|lotStep=0.1|bidUp=1.2|bidDown=0.5|askUp=2|askDown=0.8|percentMins=5|minNotional=5|maxNotional=9000000|basePrecision=8|quotePrecision=8|quoteAssetPrecision=8,87,7,0.14285714285714285,0.8571428571428571,0,0.17979999999999996,0.02568571428571428,0,0.17979999999999996,0
AVAXUSDT,OutOfSample,1052,1052,positive,0.1227367528367156,0.34307983266938447,0.22034307983266938,0.00111578866215196,2049,11,11,25,7,4,0,0.6363636363636364,0.001,10000,0.001,0.01,90000,0.01,0,37791.25608333,0,1.2,0.5,2,0.8,5,5,9000000,8,8,8,priceMin=0.001|priceMax=10000|priceTick=0.001|lotMin=0.01|lotMax=90000|lotStep=0.01|bidUp=1.2|bidDown=0.5|askUp=2|askDown=0.8|percentMins=5|minNotional=5|maxNotional=9000000|basePrecision=8|quotePrecision=8|quoteAssetPrecision=8,35,7,0.7142857142857143,0.14285714285714285,0.14285714285714285,4.476389349545711,0.6394841927922444,0.2854040668351565,5.120980852199235,-0.6445915026535254
APTUSDT,OutOfSample,2108,2108,positive,0.05521301482701779,0.07528830313014767,0.02007528830313015,0.005521301482701779,86,1,1,3,1,0,0,1,0.001,1000,0.001,0.01,92141578,0.01,0,297994.16591666,0,1.2,0.5,2,0.8,5,5,9000000,8,8,8,priceMin=0.001|priceMax=1000|priceTick=0.001|lotMin=0.01|lotMax=92141578|lotStep=0.01|bidUp=1.2|bidDown=0.5|askUp=2|askDown=0.8|percentMins=5|minNotional=5|maxNotional=9000000|basePrecision=8|quotePrecision=8|quoteAssetPrecision=8,37,5,0.8,0,0.2,1.7066986117857603,0.34133972235715204,0.05521301482701779,2.5018488148906846,-0.7951502031049242
ASTERUSDT,OutOfSample,3327,3327,positive,0.026019923857868,0.04606598984771537,0.020046065989847716,0.0026019923857868,125,1,1,3,1,0,0,1,0.001,1000,0.001,0.01,92141578,0.01,0,382518.37504166,0,1.2,0.5,2,0.8,5,5,9000000,8,8,8,priceMin=0.001|priceMax=1000|priceTick=0.001|lotMin=0.01|lotMax=92141578|lotStep=0.01|bidUp=1.2|bidDown=0.5|askUp=2|askDown=0.8|percentMins=5|minNotional=5|maxNotional=9000000|basePrecision=8|quotePrecision=8|quoteAssetPrecision=8,37,5,0.8,0,0.2,1.7066986117857603,0.34133972235715204,0.05521301482701779,2.5018488148906846,-0.7951502031049242
ADAUSDT,Sample,296,296,flat,0,0,0,0,1,0,0,0,0,0,0,0,0.0001,1000,0.0001,0.1,900000,0.1,0,1801748.79708333,0,1.2,0.5,2,0.8,5,5,9000000,8,8,8,priceMin=0.0001|priceMax=1000|priceTick=0.0001|lotMin=0.1|lotMax=900000|lotStep=0.1|bidUp=1.2|bidDown=0.5|askUp=2|askDown=0.8|percentMins=5|minNotional=5|maxNotional=9000000|basePrecision=8|quotePrecision=8|quoteAssetPrecision=8,20,5,0.2,0.8,0,0.17980000000000085,0.03596000000000017,0,0.17980000000000085,0
IOTAUSDT,Sample,333,333,flat,0,0,0,0,0,0,0,0,0,0,0,0,0.0001,1000,0.0001,1,900000,1,0,1370446.05833333,0,1.2,0.5,2,0.8,5,5,9000000,8,8,8,priceMin=0.0001|priceMax=1000|priceTick=0.0001|lotMin=1|lotMax=900000|lotStep=1|bidUp=1.2|bidDown=0.5|askUp=2|askDown=0.8|percentMins=5|minNotional=5|maxNotional=9000000|basePrecision=8|quotePrecision=8|quoteAssetPrecision=8,10,4,0,1,0,0,0,0,0,0
XLMUSDT,Sample,334,334,flat,0,0,0,0,1,0,0,0,0,0,0,0,0.0001,1000,0.0001,1,9000000,1,0,1392055.09583333,0,1.2,0.5,2,0.8,5,5,9000000,8,8,8,priceMin=0.0001|priceMax=1000|priceTick=0.0001|lotMin=1|lotMax=9000000|lotStep=1|bidUp=1.2|bidDown=0.5|askUp=2|askDown=0.8|percentMins=5|minNotional=5|maxNotional=9000000|basePrecision=8|quotePrecision=8|quoteAssetPrecision=8,5,1,0,1,0,0,0,0,0,0
TRXUSDT,Sample,350,350,flat,0,0,0,0,0,0,0,0,0,0,0,0,0.0001,1000,0.0001,0.1,9000000,0.1,0,3924330.53291666,0,1.2,0.5,2,0.8,5,5,9000000,8,8,8,priceMin=0.0001|priceMax=1000|priceTick=0.0001|lotMin=0.1|lotMax=9000000|lotStep=0.1|bidUp=1.2|bidDown=0.5|askUp=2|askDown=0.8|percentMins=5|minNotional=5|maxNotional=9000000|basePrecision=8|quotePrecision=8|quoteAssetPrecision=8,7,2,0,1,0,0,0,0,0,0
USDCUSDT,OutOfSample,422,422,flat,0,0,0,0,0,0,0,0,0,0,0,0,0.8,1.2,0.00001,1,10000000,1,0,18723315.74166666,0,1.1,0.9,1.1,0.9,5,5,9000000,8,8,8,priceMin=0.8|priceMax=1.2|priceTick=0.00001|lotMin=1|lotMax=10000000|lotStep=1|bidUp=1.1|bidDown=0.9|askUp=1.1|askDown=0.9|percentMins=5|minNotional=5|maxNotional=9000000|basePrecision=8|quotePrecision=8|quoteAssetPrecision=8,5,2,0,1,0,0,0,0,0,0
ZILUSDT,Sample,467,467,flat,0,0,0,0,0,0,0,0,0,0,0,0,0.000001,1000,0.000001,0.1,9000000,0.1,0,2403508.95333333,0,1.2,0.5,2,0.8,5,5,9000000,8,8,8,priceMin=0.000001|priceMax=1000|priceTick=0.000001|lotMin=0.1|lotMax=9000000|lotStep=0.1|bidUp=1.2|bidDown=0.5|askUp=2|askDown=0.8|percentMins=5|minNotional=5|maxNotional=9000000|basePrecision=8|quotePrecision=8|quoteAssetPrecision=8,6,2,0,1,0,0,0,0,0,0
ZRXUSDT,Sample,469,469,flat,0,0,0,0,0,0,0,0,0,0,0,0,0.0001,1000,0.0001,1,900000,1,0,128459.26666666,0,1.2,0.5,2,0.8,5,5,9000000,8,8,8,priceMin=0.0001|priceMax=1000|priceTick=0.0001|lotMin=1|lotMax=900000|lotStep=1|bidUp=1.2|bidDown=0.5|askUp=2|askDown=0.8|percentMins=5|minNotional=5|maxNotional=9000000|basePrecision=8|quotePrecision=8|quoteAssetPrecision=8,10,4,0,1,0,0,0,0,0,0
FETUSDT,OutOfSample,472,472,flat,0,0,0,0,2,0,0,0,0,0,0,0,0.0001,1000,0.0001,0.1,9000000,0.1,0,984601.575,0,1.2,0.5,2,0.8,5,5,9000000,8,8,8,priceMin=0.0001|priceMax=1000|priceTick=0.0001|lotMin=0.1|lotMax=9000000|lotStep=0.1|bidUp=1.2|bidDown=0.5|askUp=2|askDown=0.8|percentMins=5|minNotional=5|maxNotional=9000000|basePrecision=8|quotePrecision=8|quoteAssetPrecision=8,7,2,0,1,0,0,0,0,0,0
IOSTUSDT,OutOfSample,481,481,flat,0,0,0,0,0,0,0,0,0,0,0,0,0.000001,1000,0.000001,1,9000000,1,0,29592260.1125,0,1.2,0.5,2,0.8,5,5,9000000,8,8,8,priceMin=0.000001|priceMax=1000|priceTick=0.000001|lotMin=1|lotMax=9000000|lotStep=1|bidUp=1.2|bidDown=0.5|askUp=2|askDown=0.8|percentMins=5|minNotional=5|maxNotional=9000000|basePrecision=8|quotePrecision=8|quoteAssetPrecision=8,1,1,0,1,0,0,0,0,0,0
CELRUSDT,Sample,484,484,flat,0,0,0,0,0,0,0,0,0,0,0,0,0.000001,10000,0.000001,0.1,9222449,0.1,0,355191.22083333,0,1.2,0.5,2,0.8,5,5,9000000,8,8,8,priceMin=0.000001|priceMax=10000|priceTick=0.000001|lotMin=0.1|lotMax=9222449|lotStep=0.1|bidUp=1.2|bidDown=0.5|askUp=2|askDown=0.8|percentMins=5|minNotional=5|maxNotional=9000000|basePrecision=8|quotePrecision=8|quoteAssetPrecision=8,1,1,0,1,0,0,0,0,0,0
THETAUSDT,Sample,494,494,flat,0,0,0,0,0,0,0,0,0,0,0,0,0.0001,10000,0.0001,0.1,90000,0.1,0,113506.04083333,0,1.2,0.5,2,0.8,5,5,9000000,8,8,8,priceMin=0.0001|priceMax=10000|priceTick=0.0001|lotMin=0.1|lotMax=90000|lotStep=0.1|bidUp=1.2|bidDown=0.5|askUp=2|askDown=0.8|percentMins=5|minNotional=5|maxNotional=9000000|basePrecision=8|quotePrecision=8|quoteAssetPrecision=8,5,3,0,1,0,0,0,0,0,0
ENJUSDT,Sample,495,495,flat,0,0,0,0,0,0,0,0,0,0,0,0,0.00001,1000,0.00001,0.1,900000,0.1,0,501274.00458333,0,1.2,0.5,2,0.8,5,5,9000000,8,8,8,priceMin=0.00001|priceMax=1000|priceTick=0.00001|lotMin=0.1|lotMax=900000|lotStep=0.1|bidUp=1.2|bidDown=0.5|askUp=2|askDown=0.8|percentMins=5|minNotional=5|maxNotional=9000000|basePrecision=8|quotePrecision=8|quoteAssetPrecision=8,7,2,0,1,0,0,0,0,0,0
TFUELUSDT,Sample,519,519,flat,0,0,0,0,0,0,0,0,0,0,0,0,0.00001,1000,0.00001,1,9000000,1,0,1280914.6625,0,1.2,0.5,2,0.8,5,5,9000000,8,8,8,priceMin=0.00001|priceMax=1000|priceTick=0.00001|lotMin=1|lotMax=9000000|lotStep=1|bidUp=1.2|bidDown=0.5|askUp=2|askDown=0.8|percentMins=5|minNotional=5|maxNotional=9000000|basePrecision=8|quotePrecision=8|quoteAssetPrecision=8,13,7,0,1,0,0,0,0,0,0
ONEUSDT,Sample,525,525,flat,0,0,0,0,0,0,0,0,0,0,0,0,0.000001,1000,0.000001,0.1,9000000,0.1,0,14793143.78458333,0,1.2,0.5,2,0.8,5,5,9000000,8,8,8,priceMin=0.000001|priceMax=1000|priceTick=0.000001|lotMin=0.1|lotMax=9000000|lotStep=0.1|bidUp=1.2|bidDown=0.5|askUp=2|askDown=0.8|percentMins=5|minNotional=5|maxNotional=9000000|basePrecision=8|quotePrecision=8|quoteAssetPrecision=8,6,2,0,1,0,0,0,0,0,0
ALGOUSDT,Sample,541,541,flat,0,0,0,0,0,0,0,0,0,0,0,0,0.0001,100000,0.0001,1,922327,1,0,878957.675,0,1.2,0.5,2,0.8,5,5,9000000,8,8,8,priceMin=0.0001|priceMax=100000|priceTick=0.0001|lotMin=1|lotMax=922327|lotStep=1|bidUp=1.2|bidDown=0.5|askUp=2|askDown=0.8|percentMins=5|minNotional=5|maxNotional=9000000|basePrecision=8|quotePrecision=8|quoteAssetPrecision=8,2,1,0,1,0,0,0,0,0,0
DOGEUSDT,Sample,558,558,flat,0,0,0,0,0,0,0,0,0,0,0,0,0.00001,1000,0.00001,1,9000000,1,0,22777918.92083333,0,1.2,0.5,2,0.8,5,1,9000000,8,8,8,priceMin=0.00001|priceMax=1000|priceTick=0.00001|lotMin=1|lotMax=9000000|lotStep=1|bidUp=1.2|bidDown=0.5|askUp=2|askDown=0.8|percentMins=5|minNotional=1|maxNotional=9000000|basePrecision=8|quotePrecision=8|quoteAssetPrecision=8,5,1,0,1,0,0,0,0,0,0
DUSKUSDT,Sample,563,563,flat,0,0,0,0,0,0,0,0,0,0,0,0,0.0001,1000,0.0001,1,9222449,1,0,121464.8625,0,1.2,0.5,2,0.8,5,5,9000000,8,8,8,priceMin=0.0001|priceMax=1000|priceTick=0.0001|lotMin=1|lotMax=9222449|lotStep=1|bidUp=1.2|bidDown=0.5|askUp=2|askDown=0.8|percentMins=5|minNotional=5|maxNotional=9000000|basePrecision=8|quotePrecision=8|quoteAssetPrecision=8,2,1,0,1,0,0,0,0,0,0
ANKRUSDT,Sample,569,569,flat,0,0,0,0,0,0,0,0,0,0,0,0,0.00001,1000,0.00001,0.1,9000000,0.1,0,5485703.49875,0,1.2,0.5,2,0.8,5,5,9000000,8,8,8,priceMin=0.00001|priceMax=1000|priceTick=0.00001|lotMin=0.1|lotMax=9000000|lotStep=0.1|bidUp=1.2|bidDown=0.5|askUp=2|askDown=0.8|percentMins=5|minNotional=5|maxNotional=9000000|basePrecision=8|quotePrecision=8|quoteAssetPrecision=8,7,3,0,1,0,0,0,0,0,0
WINUSDT,Sample,577,577,flat,0,0,0,0,0,0,0,0,0,0,0,0,1e-8,100,1e-8,1,913205152,1,0,282911439.0208333,0,1.2,0.5,2,0.8,5,5,9000000,8,8,8,priceMin=1e-8|priceMax=100|priceTick=1e-8|lotMin=1|lotMax=913205152|lotStep=1|bidUp=1.2|bidDown=0.5|askUp=2|askDown=0.8|percentMins=5|minNotional=5|maxNotional=9000000|basePrecision=8|quotePrecision=8|quoteAssetPrecision=8,2,1,0,1,0,0,0,0,0,0
MTLUSDT,Sample,588,588,flat,0,0,0,0,0,0,0,0,0,0,0,0,0.001,1000,0.001,0.1,900000,0.1,0,58653.70791666,0,1.2,0.5,2,0.8,5,5,9000000,8,8,8,priceMin=0.001|priceMax=1000|priceTick=0.001|lotMin=0.1|lotMax=900000|lotStep=0.1|bidUp=1.2|bidDown=0.5|askUp=2|askDown=0.8|percentMins=5|minNotional=5|maxNotional=9000000|basePrecision=8|quotePrecision=8|quoteAssetPrecision=8,6,2,0,0.5,0.5,-0.060666223090151794,-0.030333111545075897,-0.030333111545075897,0,-0.060666223090151794
CVCUSDT,Sample,604,604,flat,0,0,0,0,0,0,0,0,0,0,0,0,0.00001,1000,0.00001,1,9000000,1,0,115047.10416666,0,1.2,0.5,2,0.8,5,5,9000000,8,8,8,priceMin=0.00001|priceMax=1000|priceTick=0.00001|lotMin=1|lotMax=9000000|lotStep=1|bidUp=1.2|bidDown=0.5|askUp=2|askDown=0.8|percentMins=5|minNotional=5|maxNotional=9000000|basePrecision=8|quotePrecision=8|quoteAssetPrecision=8,13,7,0,1,0,0,0,0,0,0
CHZUSDT,Sample,609,609,flat,0,0,0,0,0,0,0,0,0,0,0,0,0.00001,1000,0.00001,1,9000000,1,0,2387819.47916666,0,1.2,0.5,2,0.8,5,5,9000000,8,8,8,priceMin=0.00001|priceMax=1000|priceTick=0.00001|lotMin=1|lotMax=9000000|lotStep=1|bidUp=1.2|bidDown=0.5|askUp=2|askDown=0.8|percentMins=5|minNotional=5|maxNotional=9000000|basePrecision=8|quotePrecision=8|quoteAssetPrecision=8,13,7,0,1,0,0,0,0,0,0
BANDUSDT,Sample,612,612,flat,0,0,0,0,6,0,0,0,0,0,0,0,0.0001,10000,0.0001,0.1,90000,0.1,0,33315.68666666,0,1.2,0.5,2,0.8,5,5,9000000,8,8,8,priceMin=0.0001|priceMax=10000|priceTick=0.0001|lotMin=0.1|lotMax=90000|lotStep=0.1|bidUp=1.2|bidDown=0.5|askUp=2|askDown=0.8|percentMins=5|minNotional=5|maxNotional=9000000|basePrecision=8|quotePrecision=8|quoteAssetPrecision=8,5,3,0,1,0,0,0,0,0,0
XTZUSDT,Sample,621,621,flat,0,0,0,0,1,0,0,0,0,0,0,0,0.0001,1000,0.0001,0.1,900000,0.1,0,260467.48875,0,1.2,0.5,2,0.8,5,5,9000000,8,8,8,priceMin=0.0001|priceMax=1000|priceTick=0.0001|lotMin=0.1|lotMax=900000|lotStep=0.1|bidUp=1.2|bidDown=0.5|askUp=2|askDown=0.8|percentMins=5|minNotional=5|maxNotional=9000000|basePrecision=8|quotePrecision=8|quoteAssetPrecision=8,20,5,0.2,0.8,0,0.17980000000000085,0.03596000000000017,0,0.17980000000000085,0
RVNUSDT,Sample,623,623,flat,0,0,0,0,0,0,0,0,0,0,0,0,0.00001,1000,0.00001,0.1,9000000,0.1,0,9222449,0,1.2,0.5,2,0.8,5,5,9000000,8,8,8,priceMin=0.00001|priceMax=1000|priceTick=0.00001|lotMin=0.1|lotMax=9000000|lotStep=0.1|bidUp=1.2|bidDown=0.5|askUp=2|askDown=0.8|percentMins=5|minNotional=5|maxNotional=9000000|basePrecision=8|quotePrecision=8|quoteAssetPrecision=8,7,3,0,1,0,0,0,0,0,0
HBARUSDT,Sample,627,627,flat,0,0,0,0,0,0,0,0,0,0,0,0,0.00001,1000,0.00001,1,9000000,1,0,3138594.5,0,1.2,0.5,2,0.8,5,5,9000000,8,8,8,priceMin=0.00001|priceMax=1000|priceTick=0.00001|lotMin=1|lotMax=9000000|lotStep=1|bidUp=1.2|bidDown=0.5|askUp=2|askDown=0.8|percentMins=5|minNotional=5|maxNotional=9000000|basePrecision=8|quotePrecision=8|quoteAssetPrecision=8,13,7,0,1,0,0,0,0,0,0
KAVAUSDT,Sample,642,642,flat,0,0,0,0,0,0,0,0,0,0,0,0,0.00001,1000,0.00001,0.1,900000,0.1,0,258531.34916666,0,1.2,0.5,2,0.8,5,5,9000000,8,8,8,priceMin=0.00001|priceMax=1000|priceTick=0.00001|lotMin=0.1|lotMax=900000|lotStep=0.1|bidUp=1.2|bidDown=0.5|askUp=2|askDown=0.8|percentMins=5|minNotional=5|maxNotional=9000000|basePrecision=8|quotePrecision=8|quoteAssetPrecision=8,7,2,0,1,0,0,0,0,0,0
ARPAUSDT,Sample,648,648,flat,0,0,0,0,0,0,0,0,0,0,0,0,0.00001,1000,0.00001,0.1,9000000,0.1,0,941692.50791666,0,1.2,0.5,2,0.8,5,5,9000000,8,8,8,priceMin=0.00001|priceMax=1000|priceTick=0.00001|lotMin=0.1|lotMax=9000000|lotStep=0.1|bidUp=1.2|bidDown=0.5|askUp=2|askDown=0.8|percentMins=5|minNotional=5|maxNotional=9000000|basePrecision=8|quotePrecision=8|quoteAssetPrecision=8,7,3,0,1,0,0,0,0,0,0
IOTXUSDT,Sample,651,651,flat,0,0,0,0,0,0,0,0,0,0,0,0,0.000001,1000,0.000001,1,92141578,1,0,3277268.05833333,0,1.2,0.5,2,0.8,5,5,9000000,8,8,8,priceMin=0.000001|priceMax=1000|priceTick=0.000001|lotMin=1|lotMax=92141578|lotStep=1|bidUp=1.2|bidDown=0.5|askUp=2|askDown=0.8|percentMins=5|minNotional=5|maxNotional=9000000|basePrecision=8|quotePrecision=8|quoteAssetPrecision=8,13,3,0,1,0,0,0,0,0,0
RLCUSDT,Sample,652,652,flat,0,0,0,0,8,0,0,0,0,0,0,0,0.0001,1000,0.0001,0.1,900000,0.1,0,31791.385,0,1.2,0.5,2,0.8,5,5,9000000,8,8,8,priceMin=0.0001|priceMax=1000|priceTick=0.0001|lotMin=0.1|lotMax=900000|lotStep=0.1|bidUp=1.2|bidDown=0.5|askUp=2|askDown=0.8|percentMins=5|minNotional=5|maxNotional=9000000|basePrecision=8|quotePrecision=8|quoteAssetPrecision=8,20,5,0.2,0.8,0,0.17980000000000085,0.03596000000000017,0,0.17980000000000085,0
EURUSDT,Sample,694,694,flat,0,0,0,0,4,0,0,0,0,0,0,0,0.9,1.4,0.0001,0.1,6000000,0.1,0,265417.15541666,0,1.1,0.8,1.2,0.9,5,5,9000000,8,8,8,priceMin=0.9|priceMax=1.4|priceTick=0.0001|lotMin=0.1|lotMax=6000000|lotStep=0.1|bidUp=1.1|bidDown=0.8|askUp=1.2|askDown=0.9|percentMins=5|minNotional=5|maxNotional=9000000|basePrecision=8|quotePrecision=8|quoteAssetPrecision=8,4,1,0,1,0,0,0,0,0,0
OGNUSDT,Sample,697,697,flat,0,0,0,0,0,0,0,0,0,0,0,0,0.00001,1000,0.00001,1,900000,1,0,469128.28333333,0,1.2,0.5,2,0.8,5,5,9000000,8,8,8,priceMin=0.00001|priceMax=1000|priceTick=0.00001|lotMin=1|lotMax=900000|lotStep=1|bidUp=1.2|bidDown=0.5|askUp=2|askDown=0.8|percentMins=5|minNotional=5|maxNotional=9000000|basePrecision=8|quotePrecision=8|quoteAssetPrecision=8,6,2,0.5,0.5,0,1.2586000000000033,0.6293000000000016,0.6293000000000016,1.2586000000000033,0
LSKUSDT,Sample,718,718,flat,0,0,0,0,15,0,0,0,0,0,0,0,0.0001,1000,0.0001,0.1,900000,0.1,0,23983.77333333,0,1.2,0.5,2,0.8,5,5,9000000,8,8,8,priceMin=0.0001|priceMax=1000|priceTick=0.0001|lotMin=0.1|lotMax=900000|lotStep=0.1|bidUp=1.2|bidDown=0.5|askUp=2|askDown=0.8|percentMins=5|minNotional=5|maxNotional=9000000|basePrecision=8|quotePrecision=8|quoteAssetPrecision=8,20,5,0.2,0.8,0,0.17980000000000085,0.03596000000000017,0,0.17980000000000085,0
MBLUSDT,Sample,749,749,flat,0,0,0,0,0,0,0,0,0,0,0,0,0.000001,1000,0.000001,1,92141578,1,0,13716591.84166666,0,1.2,0.5,2,0.8,5,5,9000000,8,8,8,priceMin=0.000001|priceMax=1000|priceTick=0.000001|lotMin=1|lotMax=92141578|lotStep=1|bidUp=1.2|bidDown=0.5|askUp=2|askDown=0.8|percentMins=5|minNotional=5|maxNotional=9000000|basePrecision=8|quotePrecision=8|quoteAssetPrecision=8,13,3,0,1,0,0,0,0,0,0
COTIUSDT,Sample,752,752,flat,0,0,0,0,0,0,0,0,0,0,0,0,0.00001,1000,0.00001,1,9000000,1,0,1603453.49583333,0,1.2,0.5,2,0.8,5,5,9000000,8,8,8,priceMin=0.00001|priceMax=1000|priceTick=0.00001|lotMin=1|lotMax=9000000|lotStep=1|bidUp=1.2|bidDown=0.5|askUp=2|askDown=0.8|percentMins=5|minNotional=5|maxNotional=9000000|basePrecision=8|quotePrecision=8|quoteAssetPrecision=8,13,7,0,1,0,0,0,0,0,0
CTSIUSDT,Sample,786,786,flat,0,0,0,0,0,0,0,0,0,0,0,0,0.00001,1000,0.00001,1,9000000,1,0,334772.08333333,0,1.2,0.5,2,0.8,5,5,9000000,8,8,8,priceMin=0.00001|priceMax=1000|priceTick=0.00001|lotMin=1|lotMax=9000000|lotStep=1|bidUp=1.2|bidDown=0.5|askUp=2|askDown=0.8|percentMins=5|minNotional=5|maxNotional=9000000|basePrecision=8|quotePrecision=8|quoteAssetPrecision=8,13,7,0,1,0,0,0,0,0,0
HIVEUSDT,Sample,791,791,flat,0,0,0,0,0,0,0,0,0,0,0,0,0.0001,1000,0.0001,1,900000,1,0,192442.675,0,1.2,0.5,2,0.8,5,5,9000000,8,8,8,priceMin=0.0001|priceMax=1000|priceTick=0.0001|lotMin=1|lotMax=900000|lotStep=1|bidUp=1.2|bidDown=0.5|askUp=2|askDown=0.8|percentMins=5|minNotional=5|maxNotional=9000000|basePrecision=8|quotePrecision=8|quoteAssetPrecision=8,10,4,0,1,0,0,0,0,0,0
CHRUSDT,Sample,794,794,flat,0,0,0,0,0,0,0,0,0,0,0,0,0.00001,1000,0.00001,1,9000000,1,0,380551.675,0,1.2,0.5,2,0.8,5,5,9000000,8,8,8,priceMin=0.00001|priceMax=1000|priceTick=0.00001|lotMin=1|lotMax=9000000|lotStep=1|bidUp=1.2|bidDown=0.5|askUp=2|askDown=0.8|percentMins=5|minNotional=5|maxNotional=9000000|basePrecision=8|quotePrecision=8|quoteAssetPrecision=8,13,7,0,1,0,0,0,0,0,0
KNCUSDT,Sample,812,812,flat,0,0,0,0,0,0,0,0,0,0,0,0,0.0001,10000,0.0001,0.1,9222449,0.1,0,78328.50625,0,1.2,0.5,2,0.8,5,5,9000000,8,8,8,priceMin=0.0001|priceMax=10000|priceTick=0.0001|lotMin=0.1|lotMax=9222449|lotStep=0.1|bidUp=1.2|bidDown=0.5|askUp=2|askDown=0.8|percentMins=5|minNotional=5|maxNotional=9000000|basePrecision=8|quotePrecision=8|quoteAssetPrecision=8,14,4,0,0.75,0.25,-0.08529875666074481,-0.021324689165186202,0,0,-0.08529875666074481
SCUSDT,Sample,841,841,flat,0,0,0,0,0,0,0,0,0,0,0,0,0.000001,1000,0.000001,1,92141578,1,0,6154429.71666666,0,1.2,0.5,2,0.8,5,5,9000000,8,8,8,priceMin=0.000001|priceMax=1000|priceTick=0.000001|lotMin=1|lotMax=92141578|lotStep=1|bidUp=1.2|bidDown=0.5|askUp=2|askDown=0.8|percentMins=5|minNotional=5|maxNotional=9000000|basePrecision=8|quotePrecision=8|quoteAssetPrecision=8,13,3,0,1,0,0,0,0,0,0
SNXUSDT,Sample,849,849,flat,0,0,0,0,4,0,0,0,0,0,0,0,0.0001,10000,0.0001,0.1,90000,0.1,0,83960.44708333,0,1.2,0.5,2,0.8,5,5,9000000,8,8,8,priceMin=0.0001|priceMax=10000|priceTick=0.0001|lotMin=0.1|lotMax=90000|lotStep=0.1|bidUp=1.2|bidDown=0.5|askUp=2|askDown=0.8|percentMins=5|minNotional=5|maxNotional=9000000|basePrecision=8|quotePrecision=8|quoteAssetPrecision=8,5,3,0,1,0,0,0,0,0,0
VTHOUSDT,Sample,858,858,flat,0,0,0,0,0,0,0,0,0,0,0,0,0.000001,1000,0.000001,1,92141578,1,0,29452044.67083333,0,1.2,0.5,2,0.8,5,1,9000000,8,8,8,priceMin=0.000001|priceMax=1000|priceTick=0.000001|lotMin=1|lotMax=92141578|lotStep=1|bidUp=1.2|bidDown=0.5|askUp=2|askDown=0.8|percentMins=5|minNotional=1|maxNotional=9000000|basePrecision=8|quotePrecision=8|quoteAssetPrecision=8,3,2,0,1,0,0,0,0,0,0
MANAUSDT,Sample,902,902,flat,0,0,0,0,0,0,0,0,0,0,0,0,0.0001,1000,0.0001,1,900000,1,0,631192.53333333,0,1.2,0.5,2,0.8,5,5,9000000,8,8,8,priceMin=0.0001|priceMax=1000|priceTick=0.0001|lotMin=1|lotMax=900000|lotStep=1|bidUp=1.2|bidDown=0.5|askUp=2|askDown=0.8|percentMins=5|minNotional=5|maxNotional=9000000|basePrecision=8|quotePrecision=8|quoteAssetPrecision=8,10,4,0,1,0,0,0,0,0,0
DOTUSDT,OutOfSample,954,954,flat,0,0,0,0,162,0,0,0,0,0,0,0,0.001,10000,0.001,0.01,90000,0.01,0,145021.94395833,0,1.2,0.5,2,0.8,5,5,9000000,8,8,8,priceMin=0.001|priceMax=10000|priceTick=0.001|lotMin=0.01|lotMax=90000|lotStep=0.01|bidUp=1.2|bidDown=0.5|askUp=2|askDown=0.8|percentMins=5|minNotional=5|maxNotional=9000000|basePrecision=8|quotePrecision=8|quoteAssetPrecision=8,35,7,0.7142857142857143,0.14285714285714285,0.14285714285714285,4.476389349545711,0.6394841927922444,0.2854040668351565,5.120980852199235,-0.6445915026535254
FILUSDT,OutOfSample,1105,1105,flat,0,0,0,0,157,0,0,0,0,0,0,0,0.0001,10000,0.0001,0.01,9222449,0.01,0,188611.95083333,0,1.2,0.5,2,0.8,5,5,9000000,8,8,8,priceMin=0.0001|priceMax=10000|priceTick=0.0001|lotMin=0.01|lotMax=9222449|lotStep=0.01|bidUp=1.2|bidDown=0.5|askUp=2|askDown=0.8|percentMins=5|minNotional=5|maxNotional=9000000|basePrecision=8|quotePrecision=8|quoteAssetPrecision=8,6,1,0,1,0,0,0,0,0,0
ICPUSDT,OutOfSample,1424,1424,flat,0,0,0,0,1255,0,0,0,0,0,0,0,0.001,100000,0.001,0.01,922327,0.01,0,41028.31633333,0,1.2,0.5,2,0.8,5,5,9000000,8,8,8,priceMin=0.001|priceMax=100000|priceTick=0.001|lotMin=0.01|lotMax=922327|lotStep=0.01|bidUp=1.2|bidDown=0.5|askUp=2|askDown=0.8|percentMins=5|minNotional=5|maxNotional=9000000|basePrecision=8|quotePrecision=8|quoteAssetPrecision=8,2,1,0,1,0,0,0,0,0,0
MINAUSDT,OutOfSample,1563,1563,flat,0,0,0,0,0,0,0,0,0,0,0,0,0.0001,10000,0.0001,0.1,9222449,0.1,0,167978.98166666,0,1.2,0.5,2,0.8,5,5,9000000,8,8,8,priceMin=0.0001|priceMax=10000|priceTick=0.0001|lotMin=0.1|lotMax=9222449|lotStep=0.1|bidUp=1.2|bidDown=0.5|askUp=2|askDown=0.8|percentMins=5|minNotional=5|maxNotional=9000000|basePrecision=8|quotePrecision=8|quoteAssetPrecision=8,14,4,0,0.75,0.25,-0.08529875666074481,-0.021324689165186202,0,0,-0.08529875666074481
RAYUSDT,OutOfSample,1566,1566,flat,0,0,0,0,396,0,0,0,0,0,0,0,0.0001,10000,0.0001,0.1,9222449,0.1,0,39811.05041666,0,1.2,0.5,2,0.8,5,5,9000000,8,8,8,priceMin=0.0001|priceMax=10000|priceTick=0.0001|lotMin=0.1|lotMax=9222449|lotStep=0.1|bidUp=1.2|bidDown=0.5|askUp=2|askDown=0.8|percentMins=5|minNotional=5|maxNotional=9000000|basePrecision=8|quotePrecision=8|quoteAssetPrecision=8,14,4,0,0.75,0.25,-0.08529875666074481,-0.021324689165186202,0,0,-0.08529875666074481
ARBUSDT,OutOfSample,2167,2167,flat,0,0,0,0,0,0,0,0,0,0,0,0,0.0001,1000,0.0001,0.1,92141578,0.1,0,1352258.59916666,0,1.2,0.5,2,0.8,5,5,9000000,8,8,8,priceMin=0.0001|priceMax=1000|priceTick=0.0001|lotMin=0.1|lotMax=92141578|lotStep=0.1|bidUp=1.2|bidDown=0.5|askUp=2|askDown=0.8|percentMins=5|minNotional=5|maxNotional=9000000|basePrecision=8|quotePrecision=8|quoteAssetPrecision=8,87,7,0.14285714285714285,0.8571428571428571,0,0.17979999999999996,0.02568571428571428,0,0.17979999999999996,0
SUIUSDT,OutOfSample,2202,2202,flat,0,0,0,0,130,0,0,0,0,0,0,0,0.0001,1000,0.0001,0.1,92141578,0.1,0,355117.73083333,0,1.2,0.5,2,0.8,5,5,9000000,8,8,8,priceMin=0.0001|priceMax=1000|priceTick=0.0001|lotMin=0.1|lotMax=92141578|lotStep=0.1|bidUp=1.2|bidDown=0.5|askUp=2|askDown=0.8|percentMins=5|minNotional=5|maxNotional=9000000|basePrecision=8|quotePrecision=8|quoteAssetPrecision=8,87,7,0.14285714285714285,0.8571428571428571,0,0.17979999999999996,0.02568571428571428,0,0.17979999999999996,0
PEPEUSDT,OutOfSample,2210,2210,flat,0,0,0,0,0,0,0,0,0,0,0,0,1e-8,0.1,1e-8,1,92233720368,1,0,92233720368,0,1.2,0.5,2,0.8,5,1,9000000,2,8,8,priceMin=1e-8|priceMax=0.1|priceTick=1e-8|lotMin=1|lotMax=92233720368|lotStep=1|bidUp=1.2|bidDown=0.5|askUp=2|askDown=0.8|percentMins=5|minNotional=1|maxNotional=9000000|basePrecision=2|quotePrecision=8|quoteAssetPrecision=8,8,1,0,1,0,0,0,0,0,0
WLDUSDT,OutOfSample,2255,2255,flat,0,0,0,0,24,0,0,0,0,0,0,0,0.0001,1000,0.0001,0.1,92141578,0.1,0,646466.10125,0,1.2,0.5,2,0.8,5,5,9000000,8,8,8,priceMin=0.0001|priceMax=1000|priceTick=0.0001|lotMin=0.1|lotMax=92141578|lotStep=0.1|bidUp=1.2|bidDown=0.5|askUp=2|askDown=0.8|percentMins=5|minNotional=5|maxNotional=9000000|basePrecision=8|quotePrecision=8|quoteAssetPrecision=8,87,7,0.14285714285714285,0.8571428571428571,0,0.17979999999999996,0.02568571428571428,0,0.17979999999999996,0
FDUSDUSDT,OutOfSample,2259,2259,flat,0,0,0,0,0,0,0,0,0,0,0,0,0.8,1.2,0.0001,1,10000000,1,0,2122900.1375,0,1.1,0.9,1.1,0.9,5,5,9000000,8,8,8,priceMin=0.8|priceMax=1.2|priceTick=0.0001|lotMin=1|lotMax=10000000|lotStep=1|bidUp=1.1|bidDown=0.9|askUp=1.1|askDown=0.9|percentMins=5|minNotional=5|maxNotional=9000000|basePrecision=8|quotePrecision=8|quoteAssetPrecision=8,14,3,0,1,0,0,0,0,0,0
BLURUSDT,OutOfSample,2364,2364,flat,0,0,0,0,0,0,0,0,0,0,0,0,0.00001,1000,0.00001,0.1,92141578,0.1,0,982147.21708333,0,1.2,0.5,2,0.8,5,5,9000000,8,8,8,priceMin=0.00001|priceMax=1000|priceTick=0.00001|lotMin=0.1|lotMax=92141578|lotStep=0.1|bidUp=1.2|bidDown=0.5|askUp=2|askDown=0.8|percentMins=5|minNotional=5|maxNotional=9000000|basePrecision=8|quotePrecision=8|quoteAssetPrecision=8,60,3,0,1,0,0,0,0,0,0
JUPUSDT,OutOfSample,2453,2453,flat,0,0,0,0,3,0,0,0,0,0,0,0,0.0001,1000,0.0001,0.1,92141578,0.1,0,308913.31333333,0,1.2,0.5,2,0.8,5,5,9000000,8,8,8,priceMin=0.0001|priceMax=1000|priceTick=0.0001|lotMin=0.1|lotMax=92141578|lotStep=0.1|bidUp=1.2|bidDown=0.5|askUp=2|askDown=0.8|percentMins=5|minNotional=5|maxNotional=9000000|basePrecision=8|quotePrecision=8|quoteAssetPrecision=8,87,7,0.14285714285714285,0.8571428571428571,0,0.17979999999999996,0.02568571428571428,0,0.17979999999999996,0
ETHFIUSDT,OutOfSample,2540,2540,flat,0,0,0,0,121,0,0,0,0,0,0,0,0.0001,1000,0.0001,0.1,92141578,0.1,0,171531.45875,0,1.2,0.5,2,0.8,5,5,9000000,8,8,8,priceMin=0.0001|priceMax=1000|priceTick=0.0001|lotMin=0.1|lotMax=92141578|lotStep=0.1|bidUp=1.2|bidDown=0.5|askUp=2|askDown=0.8|percentMins=5|minNotional=5|maxNotional=9000000|basePrecision=8|quotePrecision=8|quoteAssetPrecision=8,87,7,0.14285714285714285,0.8571428571428571,0,0.17979999999999996,0.02568571428571428,0,0.17979999999999996,0
ENAUSDT,OutOfSample,2556,2556,flat,0,0,0,0,13,0,0,0,0,0,0,0,0.0001,1000,0.0001,0.01,92141578,0.01,0,2944581.88329166,0,1.2,0.5,2,0.8,5,5,9000000,8,8,8,priceMin=0.0001|priceMax=1000|priceTick=0.0001|lotMin=0.01|lotMax=92141578|lotStep=0.01|bidUp=1.2|bidDown=0.5|askUp=2|askDown=0.8|percentMins=5|minNotional=5|maxNotional=9000000|basePrecision=8|quotePrecision=8|quoteAssetPrecision=8,33,1,0,1,0,0,0,0,0,0
SAGAUSDT,OutOfSample,2576,2576,flat,0,0,0,0,0,0,0,0,0,0,0,0,0.00001,1000,0.00001,0.1,92141578,0.1,0,326886.5825,0,1.2,0.5,2,0.8,5,5,9000000,8,8,8,priceMin=0.00001|priceMax=1000|priceTick=0.00001|lotMin=0.1|lotMax=92141578|lotStep=0.1|bidUp=1.2|bidDown=0.5|askUp=2|askDown=0.8|percentMins=5|minNotional=5|maxNotional=9000000|basePrecision=8|quotePrecision=8|quoteAssetPrecision=8,60,3,0,1,0,0,0,0,0,0
REZUSDT,OutOfSample,2613,2613,flat,0,0,0,0,0,0,0,0,0,0,0,0,0.000001,1000,0.000001,0.1,92141578,0.1,0,8042213.79583333,0,1.2,0.5,2,0.8,5,5,9000000,8,8,8,priceMin=0.000001|priceMax=1000|priceTick=0.000001|lotMin=0.1|lotMax=92141578|lotStep=0.1|bidUp=1.2|bidDown=0.5|askUp=2|askDown=0.8|percentMins=5|minNotional=5|maxNotional=9000000|basePrecision=8|quotePrecision=8|quoteAssetPrecision=8,4,1,0,1,0,0,0,0,0,0
POLUSDT,OutOfSample,2733,2733,flat,0,0,0,0,0,0,0,0,0,0,0,0,0.00001,1000,0.00001,0.1,92141578,0.1,0,612977.73291666,0,1.2,0.5,2,0.8,5,5,9000000,8,8,8,priceMin=0.00001|priceMax=1000|priceTick=0.00001|lotMin=0.1|lotMax=92141578|lotStep=0.1|bidUp=1.2|bidDown=0.5|askUp=2|askDown=0.8|percentMins=5|minNotional=5|maxNotional=9000000|basePrecision=8|quotePrecision=8|quoteAssetPrecision=8,60,3,0,1,0,0,0,0,0,0
THEUSDT,OutOfSample,2801,2801,flat,0,0,0,0,0,0,0,0,0,0,0,0,0.0001,1000,0.0001,0.1,92141578,0.1,0,507284.94416666,0,1.2,0.5,2,0.8,5,5,9000000,8,8,8,priceMin=0.0001|priceMax=1000|priceTick=0.0001|lotMin=0.1|lotMax=92141578|lotStep=0.1|bidUp=1.2|bidDown=0.5|askUp=2|askDown=0.8|percentMins=5|minNotional=5|maxNotional=9000000|basePrecision=8|quotePrecision=8|quoteAssetPrecision=8,87,7,0.14285714285714285,0.8571428571428571,0,0.17979999999999996,0.02568571428571428,0,0.17979999999999996,0
PENGUUSDT,OutOfSample,2860,2860,flat,0,0,0,0,0,0,0,0,0,0,0,0,0.000001,1000,0.000001,1,92141578,1,0,19121064.67083333,0,1.2,0.5,2,0.8,5,1,9000000,8,8,8,priceMin=0.000001|priceMax=1000|priceTick=0.000001|lotMin=1|lotMax=92141578|lotStep=1|bidUp=1.2|bidDown=0.5|askUp=2|askDown=0.8|percentMins=5|minNotional=1|maxNotional=9000000|basePrecision=8|quotePrecision=8|quoteAssetPrecision=8,3,2,0,1,0,0,0,0,0,0
TUTUSDT,OutOfSample,3020,3020,flat,0,0,0,0,11,0,0,0,0,0,0,0,0.00001,10,0.00001,1,8080000000,1,0,1631791.95416666,0,1.2,0.5,2,0.8,5,1,9000000,8,8,8,priceMin=0.00001|priceMax=10|priceTick=0.00001|lotMin=1|lotMax=8080000000|lotStep=1|bidUp=1.2|bidDown=0.5|askUp=2|askDown=0.8|percentMins=5|minNotional=1|maxNotional=9000000|basePrecision=8|quotePrecision=8|quoteAssetPrecision=8,2,1,0,1,0,0,0,0,0,0
ONDOUSDT,OutOfSample,3044,3044,flat,0,0,0,0,4,0,0,0,0,0,0,0,0.0001,100,0.0001,0.1,913205152,0.1,0,606831.59375,0,1.2,0.5,2,0.8,5,5,9000000,8,8,8,priceMin=0.0001|priceMax=100|priceTick=0.0001|lotMin=0.1|lotMax=913205152|lotStep=0.1|bidUp=1.2|bidDown=0.5|askUp=2|askDown=0.8|percentMins=5|minNotional=5|maxNotional=9000000|basePrecision=8|quotePrecision=8|quoteAssetPrecision=8,58,4,0,1,0,0,0,0,0,0
USD1USDT,OutOfSample,3110,3110,flat,0,0,0,0,0,0,0,0,0,0,0,0,0.8,1.2,0.00001,1,10000000,1,0,7699886.775,0,1.1,0.9,1.1,0.9,5,5,9000000,8,8,8,priceMin=0.8|priceMax=1.2|priceTick=0.00001|lotMin=1|lotMax=10000000|lotStep=1|bidUp=1.1|bidDown=0.9|askUp=1.1|askDown=0.9|percentMins=5|minNotional=5|maxNotional=9000000|basePrecision=8|quotePrecision=8|quoteAssetPrecision=8,5,2,0,1,0,0,0,0,0,0
SOPHUSDT,OutOfSample,3122,3122,flat,0,0,0,0,0,0,0,0,0,0,0,0,0.00001,100,0.00001,1,913205152,1,0,15527821.8875,0,1.2,0.5,2,0.8,5,5,9000000,8,8,8,priceMin=0.00001|priceMax=100|priceTick=0.00001|lotMin=1|lotMax=913205152|lotStep=1|bidUp=1.2|bidDown=0.5|askUp=2|askDown=0.8|percentMins=5|minNotional=5|maxNotional=9000000|basePrecision=8|quotePrecision=8|quoteAssetPrecision=8,49,3,0,1,0,0,0,0,0,0
SAHARAUSDT,OutOfSample,3154,3154,flat,0,0,0,0,0,0,0,0,0,0,0,0,0.00001,100,0.00001,1,913205152,1,0,4987331.30833333,0,1.2,0.5,2,0.8,5,5,9000000,8,8,8,priceMin=0.00001|priceMax=100|priceTick=0.00001|lotMin=1|lotMax=913205152|lotStep=1|bidUp=1.2|bidDown=0.5|askUp=2|askDown=0.8|percentMins=5|minNotional=5|maxNotional=9000000|basePrecision=8|quotePrecision=8|quoteAssetPrecision=8,49,3,0,1,0,0,0,0,0,0
WLFIUSDT,OutOfSample,3226,3226,flat,0,0,0,0,0,0,0,0,0,0,0,0,0.0001,100,0.0001,0.1,913205152,0.1,0,4131572.88,0,1.2,0.5,2,0.8,5,5,9000000,2,8,8,priceMin=0.0001|priceMax=100|priceTick=0.0001|lotMin=0.1|lotMax=913205152|lotStep=0.1|bidUp=1.2|bidDown=0.5|askUp=2|askDown=0.8|percentMins=5|minNotional=5|maxNotional=9000000|basePrecision=2|quotePrecision=8|quoteAssetPrecision=8,5,1,0,1,0,0,0,0,0,0
HOLOUSDT,OutOfSample,3251,3251,flat,0,0,0,0,0,0,0,0,0,0,0,0,0.0001,100,0.0001,0.1,913205152,0.1,0,1443245.59125,0,1.2,0.5,2,0.8,5,5,9000000,8,8,8,priceMin=0.0001|priceMax=100|priceTick=0.0001|lotMin=0.1|lotMax=913205152|lotStep=0.1|bidUp=1.2|bidDown=0.5|askUp=2|askDown=0.8|percentMins=5|minNotional=5|maxNotional=9000000|basePrecision=8|quotePrecision=8|quoteAssetPrecision=8,58,4,0,1,0,0,0,0,0,0
PUMPUSDT,OutOfSample,3256,3256,flat,0,0,0,0,0,0,0,0,0,0,0,0,0.000001,100,0.000001,1,913205152,1,0,42915400.85,0,1.2,0.5,2,0.8,5,5,9000000,2,8,8,priceMin=0.000001|priceMax=100|priceTick=0.000001|lotMin=1|lotMax=913205152|lotStep=1|bidUp=1.2|bidDown=0.5|askUp=2|askDown=0.8|percentMins=5|minNotional=5|maxNotional=9000000|basePrecision=2|quotePrecision=8|quoteAssetPrecision=8,3,1,0,1,0,0,0,0,0,0
XPLUSDT,OutOfSample,3289,3289,flat,0,0,0,0,0,0,0,0,0,0,0,0,0.00001,100,0.00001,0.1,913205152,0.1,0,3153378.59583333,0,1.2,0.5,2,0.8,5,5,9000000,8,8,8,priceMin=0.00001|priceMax=100|priceTick=0.00001|lotMin=0.1|lotMax=913205152|lotStep=0.1|bidUp=1.2|bidDown=0.5|askUp=2|askDown=0.8|percentMins=5|minNotional=5|maxNotional=9000000|basePrecision=8|quotePrecision=8|quoteAssetPrecision=8,38,1,0,1,0,0,0,0,0,0
UUSDT,OutOfSample,3470,3470,flat,0,0,0,0,0,0,0,0,0,0,0,0,0.8,1.2,0.0001,1,10000000,1,0,8102884.94166666,0,1.1,0.9,1.1,0.9,5,5,9000000,8,8,8,priceMin=0.8|priceMax=1.2|priceTick=0.0001|lotMin=1|lotMax=10000000|lotStep=1|bidUp=1.1|bidDown=0.9|askUp=1.1|askDown=0.9|percentMins=5|minNotional=5|maxNotional=9000000|basePrecision=8|quotePrecision=8|quoteAssetPrecision=8,14,3,0,1,0,0,0,0,0,0
RLUSDUSDT,OutOfSample,3480,3480,flat,0,0,0,0,0,0,0,0,0,0,0,0,0.8,1.2,0.0001,1,10000000,1,0,13417816.85,0,1.1,0.9,1.1,0.9,5,5,9000000,8,8,8,priceMin=0.8|priceMax=1.2|priceTick=0.0001|lotMin=1|lotMax=10000000|lotStep=1|bidUp=1.1|bidDown=0.9|askUp=1.1|askDown=0.9|percentMins=5|minNotional=5|maxNotional=9000000|basePrecision=8|quotePrecision=8|quoteAssetPrecision=8,14,3,0,1,0,0,0,0,0,0
CHIPUSDT,OutOfSample,3564,3564,flat,0,0,0,0,0,0,0,0,0,0,0,0,0.00001,100,0.00001,1,913205152,1,0,2178799.9375,0,1.2,0.5,2,0.8,5,5,9000000,8,8,8,priceMin=0.00001|priceMax=100|priceTick=0.00001|lotMin=1|lotMax=913205152|lotStep=1|bidUp=1.2|bidDown=0.5|askUp=2|askDown=0.8|percentMins=5|minNotional=5|maxNotional=9000000|basePrecision=8|quotePrecision=8|quoteAssetPrecision=8,49,3,0,1,0,0,0,0,0,0
AEROUSDT,OutOfSample,3646,3646,flat,0,0,0,0,62,0,0,0,0,0,0,0,0.0001,100,0.0001,0.1,913205152,0.1,0,118466.08,0,1.2,0.5,2,0.8,5,5,9000000,8,8,8,priceMin=0.0001|priceMax=100|priceTick=0.0001|lotMin=0.1|lotMax=913205152|lotStep=0.1|bidUp=1.2|bidDown=0.5|askUp=2|askDown=0.8|percentMins=5|minNotional=5|maxNotional=9000000|basePrecision=8|quotePrecision=8|quoteAssetPrecision=8,58,4,0,1,0,0,0,0,0,0
MARSCOINUSDT,OutOfSample,3690,3690,flat,0,0,0,0,41,0,0,0,0,0,0,0,0.0001,100,0.0001,0.1,913205152,0.1,0,609890.56666666,0,1.2,0.5,2,0.8,5,5,9000000,8,8,8,priceMin=0.0001|priceMax=100|priceTick=0.0001|lotMin=0.1|lotMax=913205152|lotStep=0.1|bidUp=1.2|bidDown=0.5|askUp=2|askDown=0.8|percentMins=5|minNotional=5|maxNotional=9000000|basePrecision=8|quotePrecision=8|quoteAssetPrecision=8,58,4,0,1,0,0,0,0,0,0
牛来USDT,OutOfSample,3696,3696,flat,0,0,0,0,8,0,0,0,0,0,0,0,0.00001,100,0.00001,1,913205152,1,0,215653.79166666,0,1.2,0.5,2,0.8,5,1,9000000,8,8,8,priceMin=0.00001|priceMax=100|priceTick=0.00001|lotMin=1|lotMax=913205152|lotStep=1|bidUp=1.2|bidDown=0.5|askUp=2|askDown=0.8|percentMins=5|minNotional=1|maxNotional=9000000|basePrecision=8|quotePrecision=8|quoteAssetPrecision=8,2,1,0,1,0,0,0,0,0,0
BNBUSDT,OutOfSample,98,98,negative,-0.017129862467172297,1.0639340716044234,1.0810639340716057,-0.00003172196753180055,4425,54,54,106,32,22,0,0.5925925925925926,0.01,100000,0.01,0.001,900000,0.001,0,5896.4756125,0,1.2,0.5,2,0.8,5,5,9000000,8,8,8,priceMin=0.01|priceMax=100000|priceTick=0.01|lotMin=0.001|lotMax=900000|lotStep=0.001|bidUp=1.2|bidDown=0.5|askUp=2|askDown=0.8|percentMins=5|minNotional=5|maxNotional=9000000|basePrecision=8|quotePrecision=8|quoteAssetPrecision=8,12,3,0.6666666666666666,0,0.3333333333333333,9.53766483000453,3.1792216100015103,4.23979032319625,9.554794692471702,-0.017129862467172297
NEARUSDT,OutOfSample,1097,1097,negative,-0.060666223090151794,-0.0006668899801325345,0.05999933311001988,-0.002022207436338393,1223,3,3,8,1,2,0,0.3333333333333333,0.001,1000,0.001,0.1,900000,0.1,0,178221.71125,0,1.2,0.5,2,0.8,5,5,9000000,8,8,8,priceMin=0.001|priceMax=1000|priceTick=0.001|lotMin=0.1|lotMax=900000|lotStep=0.1|bidUp=1.2|bidDown=0.5|askUp=2|askDown=0.8|percentMins=5|minNotional=5|maxNotional=9000000|basePrecision=8|quotePrecision=8|quoteAssetPrecision=8,6,2,0,0.5,0.5,-0.060666223090151794,-0.030333111545075897,-0.030333111545075897,0,-0.060666223090151794
XRPUSDT,Sample,306,306,negative,-0.08529875666074481,-0.06536412078152587,0.019934635879218475,-0.008529875666074481,359,1,1,1,0,1,0,0,0.0001,10000,0.0001,0.1,9222449,0.1,0,1638940.25833333,0,1.2,0.5,2,0.8,5,5,9000000,8,8,8,priceMin=0.0001|priceMax=10000|priceTick=0.0001|lotMin=0.1|lotMax=9222449|lotStep=0.1|bidUp=1.2|bidDown=0.5|askUp=2|askDown=0.8|percentMins=5|minNotional=5|maxNotional=9000000|basePrecision=8|quotePrecision=8|quoteAssetPrecision=8,14,4,0,0.75,0.25,-0.08529875666074481,-0.021324689165186202,0,0,-0.08529875666074481
TRUMPUSDT,OutOfSample,2908,2908,negative,-0.15924542743538672,0.02077534791252411,0.1800207753479125,-0.0017693936381709635,1656,9,9,25,6,3,0,0.6666666666666666,0.001,10000,0.001,0.001,9222449,0.001,0,81936.5370375,0,1.2,0.5,2,0.8,5,1,9000000,8,8,8,priceMin=0.001|priceMax=10000|priceTick=0.001|lotMin=0.001|lotMax=9222449|lotStep=0.001|bidUp=1.2|bidDown=0.5|askUp=2|askDown=0.8|percentMins=5|minNotional=1|maxNotional=9000000|basePrecision=8|quotePrecision=8|quoteAssetPrecision=8,3,1,0,0,1,-0.15924542743538672,-0.15924542743538672,-0.15924542743538672,0,-0.15924542743538672
NVDABUSDT,OutOfSample,3593,3593,negative,-0.38973517562196713,1.0312961204985158,1.4210312961205005,-0.0005489227825661509,3813,71,71,146,41,30,0,0.5774647887323944,0.01,100000,0.01,0.001,922327,0.001,0,1359.1888875,0,1.1,0.8,1.2,0.9,5,5,9000000,8,8,8,priceMin=0.01|priceMax=100000|priceTick=0.01|lotMin=0.001|lotMax=922327|lotStep=0.001|bidUp=1.1|bidDown=0.8|askUp=1.2|askDown=0.9|percentMins=5|minNotional=5|maxNotional=9000000|basePrecision=8|quotePrecision=8|quoteAssetPrecision=8,45,5,0.2,0,0.8,-8.391816402074612,-1.6783632804149224,-1.058746592083142,1.2046467261945655,-9.596463128269178
PAXGUSDT,OutOfSample,968,968,negative,-0.4454246266268,0.975550924297484,1.420975550924299,-0.000627358629051831,4647,71,71,116,39,32,0,0.5492957746478874,0.01,1000000,0.01,0.0001,9000,0.0001,0,529.48323958,0,1.1,0.8,1.2,0.9,5,5,9000000,8,8,8,priceMin=0.01|priceMax=1000000|priceTick=0.01|lotMin=0.0001|lotMax=9000|lotStep=0.0001|bidUp=1.1|bidDown=0.8|askUp=1.2|askDown=0.9|percentMins=5|minNotional=5|maxNotional=9000000|basePrecision=8|quotePrecision=8|quoteAssetPrecision=8,8,2,0,0,1,-1.2714288459844343,-0.6357144229922171,-0.6357144229922171,0,-1.2714288459844343
UNIUSDT,OutOfSample,1042,1042,negative,-0.6445915026535254,-0.34493643909262106,0.2996550635609074,-0.004297276684356836,2587,15,15,40,10,5,0,0.6666666666666666,0.001,10000,0.001,0.01,90000,0.01,0,34407.48575,0,1.2,0.5,2,0.8,5,5,9000000,8,8,8,priceMin=0.001|priceMax=10000|priceTick=0.001|lotMin=0.01|lotMax=90000|lotStep=0.01|bidUp=1.2|bidDown=0.5|askUp=2|askDown=0.8|percentMins=5|minNotional=5|maxNotional=9000000|basePrecision=8|quotePrecision=8|quoteAssetPrecision=8,35,7,0.7142857142857143,0.14285714285714285,0.14285714285714285,4.476389349545711,0.6394841927922444,0.2854040668351565,5.120980852199235,-0.6445915026535254
GRAMUSDT,OutOfSample,3623,3623,negative,-0.7951502031049242,-0.6958460491540785,0.09930415395084591,-0.015903004062098484,257,5,5,10,1,4,0,0.2,0.001,1000,0.001,0.01,92141578,0.01,0,130079.04725,0,1.2,0.5,2,0.8,5,5,9000000,8,8,8,priceMin=0.001|priceMax=1000|priceTick=0.001|lotMin=0.01|lotMax=92141578|lotStep=0.01|bidUp=1.2|bidDown=0.5|askUp=2|askDown=0.8|percentMins=5|minNotional=5|maxNotional=9000000|basePrecision=8|quotePrecision=8|quoteAssetPrecision=8,37,5,0.8,0,0.2,1.7066986117857603,0.34133972235715204,0.05521301482701779,2.5018488148906846,-0.7951502031049242
XAUTUSDT,OutOfSample,3544,3544,negative,-0.8260042193576344,0.7947905712135648,1.6207947905712141,-0.0010197582955032522,4585,81,81,130,49,32,0,0.6049382716049383,0.01,1000000,0.01,0.0001,9000,0.0001,0,387.55649958,0,1.1,0.8,1.2,0.9,5,5,9000000,8,8,8,priceMin=0.01|priceMax=1000000|priceTick=0.01|lotMin=0.0001|lotMax=9000|lotStep=0.0001|bidUp=1.1|bidDown=0.8|askUp=1.2|askDown=0.9|percentMins=5|minNotional=5|maxNotional=9000000|basePrecision=8|quotePrecision=8|quoteAssetPrecision=8,8,2,0,0,1,-1.2714288459844343,-0.6357144229922171,-0.6357144229922171,0,-1.2714288459844343
SPCXBUSDT,OutOfSample,3596,3596,negative,-1.058746592083142,0.28153494285970826,1.3402815349428614,-0.0015802187941539433,4167,67,67,143,42,25,0,0.6268656716417911,0.01,100000,0.01,0.001,922327,0.001,0,3641.828775,0,1.1,0.8,1.2,0.9,5,5,9000000,8,8,8,priceMin=0.01|priceMax=100000|priceTick=0.01|lotMin=0.001|lotMax=922327|lotStep=0.001|bidUp=1.1|bidDown=0.8|askUp=1.2|askDown=0.9|percentMins=5|minNotional=5|maxNotional=9000000|basePrecision=8|quotePrecision=8|quoteAssetPrecision=8,45,5,0.2,0,0.8,-8.391816402074612,-1.6783632804149224,-1.058746592083142,1.2046467261945655,-9.596463128269178
TAOUSDT,OutOfSample,2587,2587,negative,-1.3859942816413302,-0.40640068232366033,0.9795935993176775,-0.0028285597584516943,4075,49,49,107,25,24,0,0.5102040816326531,0.1,100000,0.1,0.0001,922327,0.0001,0,1449.28611583,0,1.2,0.5,2,0.8,5,5,9000000,8,8,8,priceMin=0.1|priceMax=100000|priceTick=0.1|lotMin=0.0001|lotMax=922327|lotStep=0.0001|bidUp=1.2|bidDown=0.5|askUp=2|askDown=0.8|percentMins=5|minNotional=5|maxNotional=9000000|basePrecision=8|quotePrecision=8|quoteAssetPrecision=8,5,1,0,0,1,-1.3859942816413302,-1.3859942816413302,-1.3859942816413302,0,-1.3859942816413302
QQQBUSDT,OutOfSample,3617,3617,negative,-1.790808112335525,-0.5913995118473738,1.1994086004881532,-0.002984680187225875,4197,60,60,82,18,42,0,0.3,0.01,100000,0.01,0.001,922327,0.001,0,686.70663333,0,1.1,0.8,1.2,0.9,5,5,9000000,8,8,8,priceMin=0.01|priceMax=100000|priceTick=0.01|lotMin=0.001|lotMax=922327|lotStep=0.001|bidUp=1.1|bidDown=0.8|askUp=1.2|askDown=0.9|percentMins=5|minNotional=5|maxNotional=9000000|basePrecision=8|quotePrecision=8|quoteAssetPrecision=8,45,5,0.2,0,0.8,-8.391816402074612,-1.6783632804149224,-1.058746592083142,1.2046467261945655,-9.596463128269178
BCHUSDT,Sample,661,661,negative,-2.1195238795901137,-0.07960348307320375,2.0399203965169286,-0.002077964587833445,4214,102,102,249,72,30,0,0.7058823529411765,0.1,100000,0.1,0.001,90000,0.001,0,2348.16953333,0,1.2,0.5,2,0.8,5,5,9000000,8,8,8,priceMin=0.1|priceMax=100000|priceTick=0.1|lotMin=0.001|lotMax=90000|lotStep=0.001|bidUp=1.2|bidDown=0.5|askUp=2|askDown=0.8|percentMins=5|minNotional=5|maxNotional=9000000|basePrecision=8|quotePrecision=8|quoteAssetPrecision=8,6,1,0,0,1,-2.1195238795901137,-2.1195238795901137,-2.1195238795901137,0,-2.1195238795901137
SNDKBUSDT,OutOfSample,3594,3594,negative,-2.7366554408728145,-1.1978532941669995,1.5388021467058346,-0.0035540979751594996,4123,77,77,189,51,26,0,0.6623376623376623,0.01,999996,0.01,0.0001,92233,0.0001,0,248.21347916,0,1.1,0.8,1.2,0.9,5,5,9000000,8,8,8,priceMin=0.01|priceMax=999996|priceTick=0.01|lotMin=0.0001|lotMax=92233|lotStep=0.0001|bidUp=1.1|bidDown=0.8|askUp=1.2|askDown=0.9|percentMins=5|minNotional=5|maxNotional=9000000|basePrecision=8|quotePrecision=8|quoteAssetPrecision=8,3,1,0,0,1,-2.7366554408728145,-2.7366554408728145,-2.7366554408728145,0,-2.7366554408728145
ETCUSDT,Sample,351,351,negative,-2.914877561018076,-2.3372147757938735,0.5776627852242063,-0.010051301934545091,2501,29,29,73,20,9,0,0.6896551724137931,0.01,10000,0.01,0.01,90000,0.01,0,11108.75075,0,1.2,0.5,2,0.8,5,5,9000000,8,8,8,priceMin=0.01|priceMax=10000|priceTick=0.01|lotMin=0.01|lotMax=90000|lotStep=0.01|bidUp=1.2|bidDown=0.5|askUp=2|askDown=0.8|percentMins=5|minNotional=5|maxNotional=9000000|basePrecision=8|quotePrecision=8|quoteAssetPrecision=8,4,1,0,0,1,-2.914877561018076,-2.914877561018076,-2.914877561018076,0,-2.914877561018076
SOXLBUSDT,OutOfSample,3632,3632,negative,-6.357173248228543,-5.102275523752315,1.2548977244762494,-0.010090751187664355,4048,63,63,144,29,34,0,0.4603174603174603,0.01,100000,0.01,0.001,922327,0.001,0,1464.33430416,0,1.1,0.8,1.2,0.9,5,5,9000000,8,8,8,priceMin=0.01|priceMax=100000|priceTick=0.01|lotMin=0.001|lotMax=922327|lotStep=0.001|bidUp=1.1|bidDown=0.8|askUp=1.2|askDown=0.9|percentMins=5|minNotional=5|maxNotional=9000000|basePrecision=8|quotePrecision=8|quoteAssetPrecision=8,45,5,0.2,0,0.8,-8.391816402074612,-1.6783632804149224,-1.058746592083142,1.2046467261945655,-9.596463128269178
