Name,SampleNetProfit,OutOfSampleNetProfit,NetProfitDifference,SampleReturnPct,OutOfSampleReturnPct,ReturnDifference,SampleAccepted,OutOfSampleAccepted,SampleWinRate,OutOfSampleWinRate,SampleRejectedByCapacity,OutOfSampleRejectedByCapacity,SampleBinanceArrayPosition,OutOfSampleBinanceArrayPosition
ZECUSDT,19.093584879365956,0,-19.093584879365956,0.013936923269610187,0,-0.013936923269610187,137,0,0.9343065693430657,0,4081,0,477,
YFIUSDT,10.855240665586129,0,-10.855240665586129,0.009606407668660291,0,-0.009606407668660291,113,0,0.7787610619469026,0,3977,0,912,
COMPUSDT,8.681159349790141,0,-8.681159349790141,0.00894964881421664,0,-0.00894964881421664,97,0,0.8144329896907216,0,3358,0,833,
BTCUSDT,5.414565649921552,0,-5.414565649921552,0.005156729190401478,0,-0.005156729190401478,105,0,0.7523809523809524,0,4288,0,11,
DCRUSDT,5.315004369275451,0,-5.315004369275451,0.005368691282096415,0,-0.005368691282096415,99,0,0.5858585858585859,0,3381,0,882,
AAVEUSDT,0,4.23979032319625,4.23979032319625,0,0.007851463561474538,0.007851463561474538,0,54,0,0.8703703703703703,0,4222,,1092
SOLUSDT,4.087759926981848,0,-4.087759926981848,0.0070478619430721515,0,-0.0070478619430721515,58,0,0.7241379310344828,0,4046,0,779,
LTCUSDT,3.923765538256096,0,-3.923765538256096,0.005302385862508238,0,-0.005302385862508238,74,0,0.7027027027027027,0,3549,0,190,
ETHUSDT,3.237304214147783,0,-3.237304214147783,0.004496255852983032,0,-0.004496255852983032,72,0,0.6944444444444444,0,4084,0,12,
DASHUSDT,2.744131462295859,0,-2.744131462295859,0.00397700211926936,0,-0.00397700211926936,69,0,0.7971014492753623,0,3916,0,490,
INJUSDT,0,2.111644872167153,2.111644872167153,0,0.007281534041955699,0.007281534041955699,0,29,0,0.6896551724137931,0,2588,,1113
MORPHOUSDT,0,2.0610158762057993,2.0610158762057993,0,0.014721541972898567,0.014721541972898567,0,14,0,0.9285714285714286,0,1406,,3322
LINKUSDT,1.6724414212861214,0,-1.6724414212861214,0.003279296904482591,0,-0.003279296904482591,51,0,0.6862745098039216,0,2990,0,431,
ONGUSDT,1.2586000000000033,0,-1.2586000000000033,0.017980000000000048,0,-0.017980000000000048,7,0,1,0,56,0,464,
MSTRBUSDT,0,1.2046467261945655,1.2046467261945655,0,0.003170122963669909,0.003170122963669909,0,38,0,0.7368421052631579,0,4161,,3605
ZENUSDT,1.0768324804883163,0,-1.0768324804883163,0.003589441601627721,0,-0.003589441601627721,30,0,0.7666666666666667,0,2706,0,842,
CRCLBUSDT,0,0.9445948222780676,0.9445948222780676,0,0.0018891896445561351,0.0018891896445561351,0,50,0,0.72,0,4302,,3592
ATOMUSDT,0.928753739074089,0,-0.928753739074089,0.011609421738426112,0,-0.011609421738426112,8,0,0.875,0,441,0,502,
ZROUSDT,0,0.3595999999999995,0.3595999999999995,0,0.017979999999999975,0.017979999999999975,0,2,0,1,0,654,,2670
NEOUSDT,0.2854040668351565,0,-0.2854040668351565,0.00570808133670313,0,-0.00570808133670313,5,0,0.8,0,740,0,141,
CRVUSDT,0.17980000000000174,0,-0.17980000000000174,0.017980000000000173,0,-0.017980000000000173,1,0,1,0,13,0,939,
QTUMUSDT,0.17980000000000085,0,-0.17980000000000085,0.017980000000000086,0,-0.017980000000000086,1,0,1,0,95,0,279,
STXUSDT,0.17980000000000085,0,-0.17980000000000085,0.017980000000000086,0,-0.017980000000000086,1,0,1,0,6,0,639,
METUSDT,0,0.17979999999999996,0.17979999999999996,0,0.017979999999999996,0.017979999999999996,0,1,0,1,0,4,,3391
AVAXUSDT,0,0.1227367528367156,0.1227367528367156,0,0.00111578866215196,0.00111578866215196,0,11,0,0.6363636363636364,0,2038,,1052
APTUSDT,0,0.05521301482701779,0.05521301482701779,0,0.005521301482701779,0.005521301482701779,0,1,0,1,0,85,,2108
ASTERUSDT,0,0.026019923857868,0.026019923857868,0,0.0026019923857868,0.0026019923857868,0,1,0,1,0,124,,3327
ADAUSDT,0,0,0,0,0,0,0,0,0,0,1,0,296,
AEROUSDT,0,0,0,0,0,0,0,0,0,0,0,62,,3646
ALGOUSDT,0,0,0,0,0,0,0,0,0,0,0,0,541,
ANKRUSDT,0,0,0,0,0,0,0,0,0,0,0,0,569,
ARBUSDT,0,0,0,0,0,0,0,0,0,0,0,0,,2167
ARPAUSDT,0,0,0,0,0,0,0,0,0,0,0,0,648,
BANDUSDT,0,0,0,0,0,0,0,0,0,0,6,0,612,
BLURUSDT,0,0,0,0,0,0,0,0,0,0,0,0,,2364
CELRUSDT,0,0,0,0,0,0,0,0,0,0,0,0,484,
CHIPUSDT,0,0,0,0,0,0,0,0,0,0,0,0,,3564
CHRUSDT,0,0,0,0,0,0,0,0,0,0,0,0,794,
CHZUSDT,0,0,0,0,0,0,0,0,0,0,0,0,609,
COTIUSDT,0,0,0,0,0,0,0,0,0,0,0,0,752,
CTSIUSDT,0,0,0,0,0,0,0,0,0,0,0,0,786,
CVCUSDT,0,0,0,0,0,0,0,0,0,0,0,0,604,
DOGEUSDT,0,0,0,0,0,0,0,0,0,0,0,0,558,
DOTUSDT,0,0,0,0,0,0,0,0,0,0,0,162,,954
DUSKUSDT,0,0,0,0,0,0,0,0,0,0,0,0,563,
ENAUSDT,0,0,0,0,0,0,0,0,0,0,0,13,,2556
ENJUSDT,0,0,0,0,0,0,0,0,0,0,0,0,495,
ETHFIUSDT,0,0,0,0,0,0,0,0,0,0,0,121,,2540
EURUSDT,0,0,0,0,0,0,0,0,0,0,4,0,694,
FDUSDUSDT,0,0,0,0,0,0,0,0,0,0,0,0,,2259
FETUSDT,0,0,0,0,0,0,0,0,0,0,0,2,,472
FILUSDT,0,0,0,0,0,0,0,0,0,0,0,157,,1105
HBARUSDT,0,0,0,0,0,0,0,0,0,0,0,0,627,
HIVEUSDT,0,0,0,0,0,0,0,0,0,0,0,0,791,
HOLOUSDT,0,0,0,0,0,0,0,0,0,0,0,0,,3251
ICPUSDT,0,0,0,0,0,0,0,0,0,0,0,1255,,1424
IOSTUSDT,0,0,0,0,0,0,0,0,0,0,0,0,,481
IOTAUSDT,0,0,0,0,0,0,0,0,0,0,0,0,333,
IOTXUSDT,0,0,0,0,0,0,0,0,0,0,0,0,651,
JUPUSDT,0,0,0,0,0,0,0,0,0,0,0,3,,2453
KAVAUSDT,0,0,0,0,0,0,0,0,0,0,0,0,642,
KNCUSDT,0,0,0,0,0,0,0,0,0,0,0,0,812,
LSKUSDT,0,0,0,0,0,0,0,0,0,0,15,0,718,
MANAUSDT,0,0,0,0,0,0,0,0,0,0,0,0,902,
MARSCOINUSDT,0,0,0,0,0,0,0,0,0,0,0,41,,3690
MBLUSDT,0,0,0,0,0,0,0,0,0,0,0,0,749,
MINAUSDT,0,0,0,0,0,0,0,0,0,0,0,0,,1563
MTLUSDT,0,0,0,0,0,0,0,0,0,0,0,0,588,
OGNUSDT,0,0,0,0,0,0,0,0,0,0,0,0,697,
ONDOUSDT,0,0,0,0,0,0,0,0,0,0,0,4,,3044
ONEUSDT,0,0,0,0,0,0,0,0,0,0,0,0,525,
PENGUUSDT,0,0,0,0,0,0,0,0,0,0,0,0,,2860
PEPEUSDT,0,0,0,0,0,0,0,0,0,0,0,0,,2210
POLUSDT,0,0,0,0,0,0,0,0,0,0,0,0,,2733
PUMPUSDT,0,0,0,0,0,0,0,0,0,0,0,0,,3256
RAYUSDT,0,0,0,0,0,0,0,0,0,0,0,396,,1566
REZUSDT,0,0,0,0,0,0,0,0,0,0,0,0,,2613
RLCUSDT,0,0,0,0,0,0,0,0,0,0,8,0,652,
RLUSDUSDT,0,0,0,0,0,0,0,0,0,0,0,0,,3480
RVNUSDT,0,0,0,0,0,0,0,0,0,0,0,0,623,
SAGAUSDT,0,0,0,0,0,0,0,0,0,0,0,0,,2576
SAHARAUSDT,0,0,0,0,0,0,0,0,0,0,0,0,,3154
SCUSDT,0,0,0,0,0,0,0,0,0,0,0,0,841,
SNXUSDT,0,0,0,0,0,0,0,0,0,0,4,0,849,
SOPHUSDT,0,0,0,0,0,0,0,0,0,0,0,0,,3122
SUIUSDT,0,0,0,0,0,0,0,0,0,0,0,130,,2202
TFUELUSDT,0,0,0,0,0,0,0,0,0,0,0,0,519,
THETAUSDT,0,0,0,0,0,0,0,0,0,0,0,0,494,
THEUSDT,0,0,0,0,0,0,0,0,0,0,0,0,,2801
TRXUSDT,0,0,0,0,0,0,0,0,0,0,0,0,350,
TUTUSDT,0,0,0,0,0,0,0,0,0,0,0,11,,3020
USD1USDT,0,0,0,0,0,0,0,0,0,0,0,0,,3110
USDCUSDT,0,0,0,0,0,0,0,0,0,0,0,0,,422
UUSDT,0,0,0,0,0,0,0,0,0,0,0,0,,3470
VTHOUSDT,0,0,0,0,0,0,0,0,0,0,0,0,858,
WINUSDT,0,0,0,0,0,0,0,0,0,0,0,0,577,
WLDUSDT,0,0,0,0,0,0,0,0,0,0,0,24,,2255
WLFIUSDT,0,0,0,0,0,0,0,0,0,0,0,0,,3226
XLMUSDT,0,0,0,0,0,0,0,0,0,0,1,0,334,
XPLUSDT,0,0,0,0,0,0,0,0,0,0,0,0,,3289
XTZUSDT,0,0,0,0,0,0,0,0,0,0,1,0,621,
ZILUSDT,0,0,0,0,0,0,0,0,0,0,0,0,467,
ZRXUSDT,0,0,0,0,0,0,0,0,0,0,0,0,469,
牛来USDT,0,0,0,0,0,0,0,0,0,0,0,8,,3696
BNBUSDT,0,-0.017129862467172297,-0.017129862467172297,0,-0.00003172196753180055,-0.00003172196753180055,0,54,0,0.5925925925925926,0,4371,,98
NEARUSDT,0,-0.060666223090151794,-0.060666223090151794,0,-0.002022207436338393,-0.002022207436338393,0,3,0,0.3333333333333333,0,1220,,1097
XRPUSDT,-0.08529875666074481,0,0.08529875666074481,-0.008529875666074481,0,0.008529875666074481,1,0,0,0,358,0,306,
TRUMPUSDT,0,-0.15924542743538672,-0.15924542743538672,0,-0.0017693936381709635,-0.0017693936381709635,0,9,0,0.6666666666666666,0,1647,,2908
NVDABUSDT,0,-0.38973517562196713,-0.38973517562196713,0,-0.0005489227825661509,-0.0005489227825661509,0,71,0,0.5774647887323944,0,3742,,3593
PAXGUSDT,0,-0.4454246266268,-0.4454246266268,0,-0.000627358629051831,-0.000627358629051831,0,71,0,0.5492957746478874,0,4576,,968
UNIUSDT,0,-0.6445915026535254,-0.6445915026535254,0,-0.004297276684356836,-0.004297276684356836,0,15,0,0.6666666666666666,0,2572,,1042
GRAMUSDT,0,-0.7951502031049242,-0.7951502031049242,0,-0.015903004062098484,-0.015903004062098484,0,5,0,0.2,0,252,,3623
XAUTUSDT,0,-0.8260042193576344,-0.8260042193576344,0,-0.0010197582955032522,-0.0010197582955032522,0,81,0,0.6049382716049383,0,4504,,3544
SPCXBUSDT,0,-1.058746592083142,-1.058746592083142,0,-0.0015802187941539433,-0.0015802187941539433,0,67,0,0.6268656716417911,0,4100,,3596
TAOUSDT,0,-1.3859942816413302,-1.3859942816413302,0,-0.0028285597584516943,-0.0028285597584516943,0,49,0,0.5102040816326531,0,4026,,2587
QQQBUSDT,0,-1.790808112335525,-1.790808112335525,0,-0.002984680187225875,-0.002984680187225875,0,60,0,0.3,0,4137,,3617
BCHUSDT,-2.1195238795901137,0,2.1195238795901137,-0.002077964587833445,0,0.002077964587833445,102,0,0.7058823529411765,0,4112,0,661,
SNDKBUSDT,0,-2.7366554408728145,-2.7366554408728145,0,-0.0035540979751594996,-0.0035540979751594996,0,77,0,0.6623376623376623,0,4046,,3594
ETCUSDT,-2.914877561018076,0,2.914877561018076,-0.010051301934545091,0,0.010051301934545091,29,0,0.6896551724137931,0,2472,0,351,
SOXLBUSDT,0,-6.357173248228543,-6.357173248228543,0,-0.010090751187664355,-0.010090751187664355,0,63,0,0.4603174603174603,0,3985,,3632