symbol,datasetGroup,marketClass,marketNetProfit,marketReturnPct,strategySignals,acceptedSignals,rejectedByCapacity,acceptanceRate,candidateSignalsAnalysed,signalsPerDay,meanSlope20,medianSlope20,meanAcceleration,medianAcceleration,meanNormalisedSlope20,medianNormalisedSlope20,meanNormalisedAcceleration,medianNormalisedAcceleration,meanReturn5,meanReturn20,meanReturn50,meanVolatility20,meanVolatility50,meanEfficiency20,meanEfficiency50,meanTrendPersistence20,meanTrendPersistence50,meanReversalRate20,meanReversalRate50,meanForward5Return,meanForward15Return,meanForward30Return,meanForward60Return,meanForward120Return,meanForward360Return,meanForward720Return,meanForward1440Return,meanForward2880Return,meanMfe5,meanMfe15,meanMfe30,meanMfe60,meanMfe120,meanMfe360,meanMfe720,meanMfe1440,meanMfe2880,meanMae5,meanMae15,meanMae30,meanMae60,meanMae120,meanMae360,meanMae720,meanMae1440,meanMae2880,target1Rate,target2Rate,target4Rate,stopRate,reached1ThenFailed2Rate,reached2ThenFailed4Rate,meanTimeTo1PctMinutes,medianTimeTo1PctMinutes,meanTimeTo2PctMinutes,medianTimeTo2PctMinutes,meanTimeTo4PctMinutes,medianTimeTo4PctMinutes,meanTimeToStopMinutes,medianTimeToStopMinutes
BTCUSDT,Sample,positive,5.414565649921552,0.005156729190401478,4393,105,4288,0.023901661734577737,4393,146.43672307229335,-2.670781266854936,-1.5749323350213524,2.456618422004518,1.4158846451237839,-0.00003513126808430732,-0.000021476474555882677,0.00003240542667949456,0.000019142418332563395,0.000024455864929780618,-0.0007482008977413886,-0.0026546990869098447,0.0003911053941899452,0.0004140612858511242,0.1775912997716692,0.1873087729153147,0.4288299567493782,0.4195492829501595,0.46342866042867253,0.4460621489661078,0.000024808780125878214,0.00008267662924743484,0.00022241603552324002,0.00029221119186608076,0.00045160365790864203,0.0019738080605176513,0.003025789175750304,0.0061208175716666756,0.01394344510614589,0.0006209287970168956,0.001204358901848665,0.0017917336921095116,0.0025697961362492507,0.00358422312839286,0.007517119262164664,0.011242258559206516,0.017863034000767285,0.031285202630515103,-0.0006412240932872489,-0.001229670972251129,-0.0017529954458661728,-0.0025330977473932504,-0.003479915125547087,-0.005850558939676831,-0.008384929856702816,-0.011204021465111659,-0.01483805010640841,0.6191668563623948,0.43523787844297745,0.22308217618939222,0,0.18392897791941726,0.21215570225358524,950.5599264705883,642.5,1378.694560669456,1351.5,1450.4714285714285,1463.5,0,0
ETHUSDT,Sample,positive,3.237304214147783,0.004496255852983032,4156,72,4084,0.017324350336862367,4156,138.53654019768976,-0.10462835112733121,-0.06003007484053759,0.10798296787457234,0.05721247293276368,-0.0000442712802396674,-0.000026698872855969273,0.000045534139724153825,0.000025596323414123102,0.0000401895944956761,-0.000972376771477846,-0.0034848147920905057,0.0005452764266006411,0.0005861632340583223,0.14675991436540758,0.1626909652322304,0.4584576515880693,0.4412704523580498,0.5109923509447334,0.4881165170591766,0.00002130848865935158,0.00012859820098125725,0.00032351197518121476,0.000647171311649581,0.0009534289209532005,0.002764121451828848,0.005284580895779563,0.009495077638542546,0.02256904731603834,0.0008490444475774244,0.0015888996083082607,0.0024172860630169895,0.0036312480448763306,0.005175529564438749,0.010346208684599366,0.015996684865021822,0.024547079078440573,0.04399877578720069,-0.0009203263050071147,-0.0016831205910995807,-0.002381579549929736,-0.003239606695372851,-0.004318171454029348,-0.007377368092972264,-0.009899940609739418,-0.013474382214512857,-0.017588482510976076,0.7978825794032723,0.5476419634263715,0.2880173243503369,0,0.2502406159769009,0.25962463907603467,753.7988540410132,429.5,1199.7043057996484,980.5,1484.7744360902257,1534,0,0
NEOUSDT,Sample,positive,0.2854040668351565,0.00570808133670313,745,5,740,0.006711409395973154,745,24.833908192319267,-0.000337858404476229,-0.0002691729323150251,0.00033337889561420954,0.0002586213436064824,-0.00015947166462726038,-0.00012813268202992547,0.00015745499926565683,0.00012200230329978362,-0.00015977068987450377,-0.0036269218348090257,-0.012323143013850698,0.0012717706404968318,0.0013919713835495087,0.24055144234574052,0.2936423965550909,0.2987919463087245,0.2747651006711403,0.26965736488873393,0.2376934666484038,-0.0000684497515517542,0.00007760121626906738,0.00030276449602328507,0.0012343426121488048,0.0009421966187106394,0.0010511633404981739,0.004457902282630915,0.003022605255277428,0.001012341231717013,0.0016714247748537137,0.0033540828415803167,0.004985693048563188,0.00727600652302891,0.010485335816901612,0.01764885009839459,0.02505217499667292,0.034581595053565464,0.04767144424536025,-0.002045210144944524,-0.0037966886652792365,-0.0055690687883578355,-0.007127097391973898,-0.0100323242184779,-0.01532250760060137,-0.02088072928213028,-0.025748370725500954,-0.03461704422905547,0.8429530201342282,0.738255033557047,0.5395973154362416,0,0.10469798657718121,0.19865771812080538,299.38853503184714,122,739.4145454545454,517,1326.5124378109454,1266.5,0,0
LTCUSDT,Sample,positive,3.923765538256096,0.005302385862508238,3623,74,3549,0.020425062103229367,3623,120.76946225607074,-0.0034315037610657966,-0.0019398495722719629,0.003457721305329821,0.001992936121489486,-0.00006751282303694348,-0.00003961225115026138,0.00006804303100221856,0.000040347940661091905,0.00008297314515606492,-0.0014200148246928885,-0.005363265006747987,0.0007159788782590083,0.0007715555345342378,0.15649319701108894,0.18206499233810045,0.3763869721225508,0.36619928236268895,0.38168426863460014,0.36736383761342994,0.00009219190477698148,0.0003658309020361311,0.0006813426166457687,0.0008785491698030431,0.0009447205420172518,0.0021406224596721827,0.003071639337010253,0.005886262412882384,0.01031221668630692,0.001129166211284618,0.0021667224550599084,0.0031794144363035213,0.004607406126951907,0.006478750745320628,0.011857732671806957,0.017909521422997288,0.0258112375099448,0.0415651008547145,-0.001191050589033252,-0.002105741477116314,-0.0028972927765277723,-0.004175417248209564,-0.005917451764812826,-0.009685021451555986,-0.012712110533416351,-0.01637706845519522,-0.022465407541557278,0.7562793265249793,0.5677615235992272,0.3723433618548164,0,0.18851780292575213,0.1954181617444107,562.1040145985402,294,1001.0500729217307,799,1335.9243884358784,1282,0,0
QTUMUSDT,Sample,positive,0.17980000000000085,0.017980000000000086,96,1,95,0.010416666666666666,96,3.2000740757887915,-0.0002982612767720286,-0.00025714285432358293,0.00033632705974680443,0.0002539729606469507,-0.0003530999021909384,-0.0003132701297402086,0.0003985736475781879,0.00030436321922130917,-0.0004759971288601933,-0.008705428668303325,-0.02782892968329403,0.002856945031221346,0.0033535249267444968,0.2855614182636687,0.3491890721949767,0.24114583333333336,0.2339583333333336,0.17817982456140358,0.19047619047619047,0.0011098684062840133,0.003718914999423633,0.0020793021795629855,0.0012099093187943933,-0.0006305991986275036,0.002985955784666318,0.010798040957216157,0.021579773050531503,-0.0006913924367677807,0.003371287603980548,0.006838350865832957,0.008560163327722647,0.01087532591830393,0.012985679313027113,0.0234006592506414,0.034861257533377474,0.0587197970814492,0.06780374764525347,-0.002278316178968414,-0.003506095842335287,-0.00559692440043032,-0.00888093597585014,-0.010924695653802136,-0.01630386264890515,-0.018507558675707445,-0.024545331662846077,-0.03499613246646457,0.9479166666666666,0.7916666666666666,0.6354166666666666,0.010416666666666666,0.15625,0.15625,220.5054945054945,51,597.4473684210526,225.5,1005.8360655737705,432,1406,1406
ADAUSDT,Sample,flat,0,0,1,0,1,0,1,0.033334104956133245,-0.00047180451114093186,-0.00047180451114093186,0.0002831102547895071,0.0002831102547895071,-0.002048651806951506,-0.002048651806951506,0.0012293107025163137,0.0012293107025163137,0.02083333333333348,-0.0933070866141732,-0.08900316455696211,0.028302033355334308,0.018309575198311893,0.2838323353293416,0.2096924510717617,0.55,0.52,0.3684210526315789,0.3673469387755102,-0.005644811115935733,-0.003039513677811523,0.007381676074685206,0.011289622231871466,0.021710811984368306,-0.03430308293530182,-0.012158054711246202,-0.05384281372123312,-0.04385584020842381,0.007815892314372519,0.02257924446374293,0.02257924446374293,0.02257924446374293,0.023447676943117557,0.02735562310030404,0.02735562310030404,0.02735562310030404,0.02735562310030404,-0.013026487190620939,-0.013026487190620939,-0.013026487190620939,-0.013026487190620939,-0.013026487190620939,-0.05644811115935744,-0.05644811115935744,-0.07381676074685195,-0.07381676074685195,1,1,0,0,0,1,9,9,10,10,0,0,0,0
XRPUSDT,Sample,negative,-0.08529875666074481,-0.008529875666074481,359,1,358,0.002785515320334262,359,11.966943679251834,-0.00034692881184065827,-0.00025744360910249457,0.00039084487578975213,0.000273375877741899,-0.0002488649071954659,-0.00018017699355139759,0.0002785084873509489,0.00019592077701657509,-0.0001267300814997905,-0.006193885746562363,-0.020790497885532434,0.0020987354767939134,0.002266683404737338,0.19777557579810273,0.25856879003259386,0.43175487465181045,0.4127576601671302,0.5015393637296595,0.478369620828833,-0.0001937925406612134,-0.0009249398916707681,0.0001412737432883239,0.0011029460331796394,0.000647899729539365,0.005008634399288352,0.01935548084445555,0.030062794546506313,0.034513263703036826,0.0033299632450411454,0.005261954725465835,0.007350235800164316,0.00994673860322038,0.013666981431390108,0.024001823434093322,0.04225252405441183,0.0715563780961047,0.09779542794427595,-0.0036813247931997226,-0.006508756964961395,-0.008741859399458332,-0.010486230856907282,-0.014772871987605025,-0.0198605019783671,-0.02228710143286527,-0.02537536687899408,-0.033222055248812145,0.9164345403899722,0.83008356545961,0.6434540389972145,0.019498607242339833,0.08635097493036212,0.18662952646239556,288.67477203647417,70,536.6409395973154,385,730.077922077922,549,1803.2857142857142,2096
IOTAUSDT,Sample,flat,0,0,0,0,0,0,0,0,0,0,0,0,0,0,0,0,0,0,0,0,0,0,0,0,0,0,0,0,0,0,0,0,0,0,0,0,0,0,0,0,0,0,0,0,0,0,0,0,0,0,0,0,0,0,0,0,0,0,0,0,0,0,0,0,0,0,0,0
XLMUSDT,Sample,flat,0,0,1,0,1,0,1,0.033334104956133245,-0.0003184962403190724,-0.0003184962403190724,0.00024927806947500845,0.00024927806947500845,-0.0015681744968935125,-0.0015681744968935125,0.0012273661717134832,0.0012273661717134832,0.02472250252270447,-0.08472284812978814,-0.07555757851615841,0.020473289380371296,0.013312846956076707,0.33571428571428513,0.23782234957020412,0.55,0.5,0.3157894736842105,0.30612244897959184,-0.010339734121122546,-0.00492368291482026,0.009354997538158383,0.03545051698670587,0.05416051206302308,-0.026587887740029625,-0.022648941408173306,-0.056129985228951185,-0.0374199901526342,0.009354997538158383,0.010339734121122657,0.01969473165928126,0.036435253569670145,0.05416051206302308,0.056129985228951185,0.056129985228951185,0.056129985228951185,0.056129985228951185,-0.01624815361890697,-0.01624815361890697,-0.01624815361890697,-0.01624815361890697,-0.01624815361890697,-0.04579025110782864,-0.04972919743968485,-0.07385524372230434,-0.07582471688823234,1,1,1,0,0,0,10,10,35,35,72,72,0,0
TRXUSDT,Sample,flat,0,0,0,0,0,0,0,0,0,0,0,0,0,0,0,0,0,0,0,0,0,0,0,0,0,0,0,0,0,0,0,0,0,0,0,0,0,0,0,0,0,0,0,0,0,0,0,0,0,0,0,0,0,0,0,0,0,0,0,0,0,0,0,0,0,0,0,0
ETCUSDT,Sample,negative,-2.914877561018076,-0.010051301934545091,2501,29,2472,0.011595361855257898,2501,83.36859649528924,-0.0008064894189029909,-0.0005413533799129028,0.0007814149648280606,0.0005249384118819469,-0.00010676396290063138,-0.00007509044790148981,0.00010378984295648407,0.00007095440199354716,0.00006193163364871667,-0.002251782056442706,-0.008131926036354377,0.001216324761429915,0.0012732039037725087,0.19173081094505617,0.21383555337956164,0.20441823270691642,0.19334666133546669,0.15938887602853577,0.15672914507666247,0.0001593544794549766,0.00048201541531069656,0.0009793381017042563,0.0011671815223277529,0.0019292397995225288,0.0046745644137772225,0.0072899219815471174,0.009124021807010116,0.017487625942633818,0.0016523050968058014,0.00320317445134979,0.004753238904055629,0.007028359849932278,0.00968506061945759,0.01793276576140822,0.025832676101554018,0.03813890006222181,0.06212401285850139,-0.0015614906246238399,-0.00298547645358445,-0.004012635780428059,-0.0056503115739999134,-0.008057535555220237,-0.012903724799842123,-0.017116120905050082,-0.0238466414916931,-0.030110027035242824,0.8284686125549781,0.6341463414634146,0.438624550179928,0.029188324670131948,0.1943222710915634,0.1955217912834866,331.3967181467182,137,712.9602774274905,441.5,1123.7301731996354,942,1660.6712328767123,1921
LINKUSDT,Sample,positive,1.6724414212861214,0.003279296904482591,3041,51,2990,0.016770799079250248,3041,101.3690131716012,-0.0010741369360837384,-0.0007383458694139814,0.0010110335358585402,0.0006451089670583749,-0.0000950403430205945,-0.00006760394253341243,0.00008942279133550113,0.00006001132511835364,0.000021263492170316742,-0.002072405440614129,-0.007330840588029716,0.0009189243459891864,0.0009952362263374486,0.1728244752650998,0.20422490286269893,0.4213252219664596,0.40546530746465553,0.47105349694525667,0.4526840660631221,0.0001099699890588286,0.00023391902145168472,0.0008492332450777458,0.001439482845915327,0.002124783260121672,0.003999687892684275,0.0064707798719753455,0.010705731616998433,0.018887235582868374,0.0015649524009107934,0.002759471824756534,0.004073847466521349,0.006140870782455896,0.00906163402239037,0.016833585175596626,0.024312306320132447,0.037310487113976054,0.059590786037389626,-0.0016273852989907296,-0.002894259652218873,-0.0038284598082501888,-0.005253878808804064,-0.007414220841757629,-0.012587185393541917,-0.01667821024766448,-0.02336944515827206,-0.029622232576136057,0.862216376192042,0.7037158829332456,0.48931272607694837,0.007563301545544229,0.15850049325879645,0.21440315685629727,399.1651411136537,192.5,855.8990654205608,563,1293.2836021505377,1235.5,989.695652173913,374
ONGUSDT,Sample,positive,1.2586000000000033,0.017980000000000048,63,7,56,0.1111111111111111,63,2.1000486122363946,-0.0004785807374549753,-0.0002686015036283136,0.00047114545397614933,0.000291511682650625,-0.0035319805067990182,-0.0022257135365681834,0.003526272094049691,0.001941695066049694,0.0024053397299515704,-0.06704954571898102,-0.20165074263029317,0.018438741931375943,0.017936945709135215,0.2671523487392255,0.3489852556643388,0.3912698412698414,0.3828571428571428,0.4728487886382624,0.44412050534499503,0.007589151809394779,0.029355851766504605,0.0019729599927486986,0.0034817539320313754,-0.0661530174980173,-0.10593048578949889,-0.21584422033554526,-0.2096749143579046,-0.30815801207288496,0.028717943737317123,0.0630380140438509,0.08161499280097498,0.10729828565487182,0.11443856565401636,0.1690036724625917,0.18678675596828936,0.20560876003439388,0.21677778960638486,-0.024577188154965644,-0.029700324061545356,-0.050239672420734426,-0.07120779594606243,-0.14551002893874615,-0.2276774081746527,-0.28147961656436027,-0.28743789016254523,-0.3541750141404458,0.9365079365079365,0.9206349206349206,0.8412698412698413,0.9365079365079365,0.015873015873015872,0.07936507936507936,25.52542372881356,2,65.27586206896552,5,38.660377358490564,7,331.864406779661,77
ZILUSDT,Sample,flat,0,0,0,0,0,0,0,0,0,0,0,0,0,0,0,0,0,0,0,0,0,0,0,0,0,0,0,0,0,0,0,0,0,0,0,0,0,0,0,0,0,0,0,0,0,0,0,0,0,0,0,0,0,0,0,0,0,0,0,0,0,0,0,0,0,0,0,0
ZRXUSDT,Sample,flat,0,0,0,0,0,0,0,0,0,0,0,0,0,0,0,0,0,0,0,0,0,0,0,0,0,0,0,0,0,0,0,0,0,0,0,0,0,0,0,0,0,0,0,0,0,0,0,0,0,0,0,0,0,0,0,0,0,0,0,0,0,0,0,0,0,0,0,0
ZECUSDT,Sample,positive,19.093584879365956,0.013936923269610187,4218,137,4081,0.03247984826932195,4218,140.60325470497003,-0.09665925101850147,-0.05098496211356575,0.08756356484080617,0.047963588160051994,-0.00011488511085713309,-0.00007070322452129964,0.0001052054605526155,0.00006675540386191575,0.000010534057493992294,-0.002390167867886059,-0.008638220351215344,0.001299042762837474,0.0014090710040076079,0.1491702972508999,0.16894021545651836,0.4574087245139911,0.44255097202467075,0.5337900227096933,0.506933356557415,0.00002954652592796673,0.0001544412910764387,0.00042341101187127523,0.0009743832523423708,0.002446944104712533,0.005513072869568654,0.015403307753759747,0.02981079311154065,0.07104543889965129,0.002226036687239208,0.004077418227191825,0.005909706736160003,0.008828580388464662,0.013152518361133035,0.023772358716872485,0.04104387113328033,0.06595486313008142,0.11860341971193344,-0.0022902737417100217,-0.00410501813273894,-0.005849225861100084,-0.008253458569514859,-0.010769596950224645,-0.017006261703461853,-0.02197190986448234,-0.02829215854576831,-0.034419506069529274,0.9523470839260313,0.8354670459933617,0.7053105737316263,0.05476529160739687,0.11688003793266952,0.1301564722617354,347.866069205875,121,644.5817253121453,391.5,991.7821848739496,743,1347.082251082251,1227
CELRUSDT,Sample,flat,0,0,0,0,0,0,0,0,0,0,0,0,0,0,0,0,0,0,0,0,0,0,0,0,0,0,0,0,0,0,0,0,0,0,0,0,0,0,0,0,0,0,0,0,0,0,0,0,0,0,0,0,0,0,0,0,0,0,0,0,0,0,0,0,0,0,0,0
DASHUSDT,Sample,positive,2.744131462295859,0.00397700211926936,3985,69,3916,0.017314930991217063,3985,132.83640825019097,-0.007212052651587048,-0.00339097743916292,0.0071068385021226844,0.003378404129857641,-0.00014952131562061285,-0.00008254467008697088,0.00014901419334083062,0.00008116153310752695,-0.00010289462959121779,-0.003369899538699402,-0.01170679660302091,0.0015042852429671522,0.0016817229537608924,0.16969473573394112,0.19490405991756238,0.3786951066499396,0.3651191969887164,0.3923793171762532,0.37510050444267895,0.00009881349755019052,0.000589475232125606,0.000767032906868893,0.0011303274393878117,0.003057722698269502,0.006014192982751308,0.011986109418504757,0.024896158536268177,0.05054355394155516,0.0024507766212441265,0.004674951204088442,0.006857039274592902,0.010079513561509046,0.015371622050368695,0.02929928224976522,0.04589624994522742,0.07468216256270946,0.12493942869774927,-0.0025080578641246986,-0.004387041204597777,-0.006398936804941976,-0.00959795262421685,-0.012854375946422462,-0.02049056735267161,-0.026937922173210154,-0.03481148928467894,-0.04660473750787286,0.8840652446675031,0.7673776662484316,0.609284818067754,0.13450439146800502,0.11668757841907151,0.15809284818067754,353.44791370990635,90,599.0791366906475,246.5,859.0210049423393,625,1583.438432835821,1692
THETAUSDT,Sample,flat,0,0,0,0,0,0,0,0,0,0,0,0,0,0,0,0,0,0,0,0,0,0,0,0,0,0,0,0,0,0,0,0,0,0,0,0,0,0,0,0,0,0,0,0,0,0,0,0,0,0,0,0,0,0,0,0,0,0,0,0,0,0,0,0,0,0,0,0
ENJUSDT,Sample,flat,0,0,0,0,0,0,0,0,0,0,0,0,0,0,0,0,0,0,0,0,0,0,0,0,0,0,0,0,0,0,0,0,0,0,0,0,0,0,0,0,0,0,0,0,0,0,0,0,0,0,0,0,0,0,0,0,0,0,0,0,0,0,0,0,0,0,0,0
ATOMUSDT,Sample,positive,0.928753739074089,0.011609421738426112,449,8,441,0.017817371937639197,449,14.967013125303827,-0.0003135455380326341,-0.00023157891702733043,0.0003024179081104243,0.00022961524659519922,-0.00019076101865565247,-0.0001436686262314327,0.00018461496905281013,0.0001403107472733838,0.0001231706123495106,-0.004036385293743756,-0.014453669546975136,0.001441753967573677,0.00152089640972863,0.20970991372415868,0.2842438026066942,0.31213808463251685,0.29478841870823985,0.286132926972218,0.27594200263624413,-0.000045057172629336626,0.0007212022901472744,0.0018285454442621741,0.0038241019839283736,0.005267112481098272,0.005181772072890601,0.0087542645146866,0.01352503322283796,0.01547558387678383,0.002032549253093127,0.00391233927820734,0.0061141697520081285,0.00939330084185798,0.013680626644798412,0.022017974685763286,0.03131702838596526,0.05068358053853498,0.06803298119916754,-0.002196655134438481,-0.00392161716766756,-0.005153823651561401,-0.006678135641524295,-0.008871537916597678,-0.01492765936355132,-0.02027011937528078,-0.025804282980783418,-0.0314160432819818,0.8730512249443207,0.7082405345211581,0.47216035634743875,0.017817371937639197,0.16481069042316257,0.23608017817371937,254.1045918367347,67.5,552.7421383647799,346,808.8679245283018,712.5,1552,1548.5
TFUELUSDT,Sample,flat,0,0,0,0,0,0,0,0,0,0,0,0,0,0,0,0,0,0,0,0,0,0,0,0,0,0,0,0,0,0,0,0,0,0,0,0,0,0,0,0,0,0,0,0,0,0,0,0,0,0,0,0,0,0,0,0,0,0,0,0,0,0,0,0,0,0,0,0
ONEUSDT,Sample,flat,0,0,0,0,0,0,0,0,0,0,0,0,0,0,0,0,0,0,0,0,0,0,0,0,0,0,0,0,0,0,0,0,0,0,0,0,0,0,0,0,0,0,0,0,0,0,0,0,0,0,0,0,0,0,0,0,0,0,0,0,0,0,0,0,0,0,0,0
ALGOUSDT,Sample,flat,0,0,0,0,0,0,0,0,0,0,0,0,0,0,0,0,0,0,0,0,0,0,0,0,0,0,0,0,0,0,0,0,0,0,0,0,0,0,0,0,0,0,0,0,0,0,0,0,0,0,0,0,0,0,0,0,0,0,0,0,0,0,0,0,0,0,0,0
DOGEUSDT,Sample,flat,0,0,0,0,0,0,0,0,0,0,0,0,0,0,0,0,0,0,0,0,0,0,0,0,0,0,0,0,0,0,0,0,0,0,0,0,0,0,0,0,0,0,0,0,0,0,0,0,0,0,0,0,0,0,0,0,0,0,0,0,0,0,0,0,0,0,0,0
DUSKUSDT,Sample,flat,0,0,0,0,0,0,0,0,0,0,0,0,0,0,0,0,0,0,0,0,0,0,0,0,0,0,0,0,0,0,0,0,0,0,0,0,0,0,0,0,0,0,0,0,0,0,0,0,0,0,0,0,0,0,0,0,0,0,0,0,0,0,0,0,0,0,0,0
ANKRUSDT,Sample,flat,0,0,0,0,0,0,0,0,0,0,0,0,0,0,0,0,0,0,0,0,0,0,0,0,0,0,0,0,0,0,0,0,0,0,0,0,0,0,0,0,0,0,0,0,0,0,0,0,0,0,0,0,0,0,0,0,0,0,0,0,0,0,0,0,0,0,0,0
WINUSDT,Sample,flat,0,0,0,0,0,0,0,0,0,0,0,0,0,0,0,0,0,0,0,0,0,0,0,0,0,0,0,0,0,0,0,0,0,0,0,0,0,0,0,0,0,0,0,0,0,0,0,0,0,0,0,0,0,0,0,0,0,0,0,0,0,0,0,0,0,0,0,0
MTLUSDT,Sample,flat,0,0,0,0,0,0,0,0,0,0,0,0,0,0,0,0,0,0,0,0,0,0,0,0,0,0,0,0,0,0,0,0,0,0,0,0,0,0,0,0,0,0,0,0,0,0,0,0,0,0,0,0,0,0,0,0,0,0,0,0,0,0,0,0,0,0,0,0
CVCUSDT,Sample,flat,0,0,0,0,0,0,0,0,0,0,0,0,0,0,0,0,0,0,0,0,0,0,0,0,0,0,0,0,0,0,0,0,0,0,0,0,0,0,0,0,0,0,0,0,0,0,0,0,0,0,0,0,0,0,0,0,0,0,0,0,0,0,0,0,0,0,0,0
CHZUSDT,Sample,flat,0,0,0,0,0,0,0,0,0,0,0,0,0,0,0,0,0,0,0,0,0,0,0,0,0,0,0,0,0,0,0,0,0,0,0,0,0,0,0,0,0,0,0,0,0,0,0,0,0,0,0,0,0,0,0,0,0,0,0,0,0,0,0,0,0,0,0,0
BANDUSDT,Sample,flat,0,0,6,0,6,0,6,0.20000462973679947,-0.00024354636523633803,-0.0002478195481938584,0.00019407108175067565,0.00018404839899323501,-0.0013446302073990108,-0.0013653335276070974,0.0010710225304733409,0.001014248201821338,0.0007598874355284427,-0.027344882592034325,-0.08528216206467008,0.004760412740866477,0.006689107592397512,0.4059844128195181,0.4527418617320251,0.3916666666666666,0.4366666666666667,0.5964912280701754,0.5748299319727891,-0.0050348445892481886,0.004259949714583322,0.015583007729158141,0.02815602295186681,0.04563308422438047,0.010409610773927954,0.008948089581278684,0.015014371992240242,-0.001908982286885741,0.0034131519804372346,0.011435289109188415,0.02138259099759728,0.03479069406403797,0.05410678701989998,0.07011154975475702,0.07011154975475702,0.07011154975475702,0.07011154975475702,-0.007887970492256887,-0.010083710895981979,-0.010083710895981979,-0.010083710895981979,-0.010083710895981979,-0.010083710895981979,-0.010083710895981979,-0.02260569643338069,-0.06178977071527222,1,1,1,0,0,0,18,10.5,29.666666666666668,23.5,95.66666666666667,99.5,0,0
XTZUSDT,Sample,flat,0,0,1,0,1,0,1,0.033334104956133245,-0.00014488721756210772,-0.00014488721756210772,0.0002117466360263862,0.0002117466360263862,-0.0006123720099835491,-0.0006123720099835491,0.0008949561962231031,0.0008949561962231031,-0.0016877637130801038,-0.006299874002519967,-0.06371191135734067,0.002756597013161352,0.007003563884085419,0.14285714285714965,0.30206378986867305,0.45,0.46,0.2631578947368421,0.40816326530612246,0.011411665257819115,0.01014370245139462,0.0038038884192730382,0.01606086221470826,0.01901944209636519,0.0008453085376163294,0.0004226542688081647,-0.06382079459002532,-0.031276415891800635,0.011411665257819115,0.013102282333051551,0.013102282333051551,0.01606086221470826,0.025781910397294938,0.025781910397294938,0.025781910397294938,0.025781910397294938,0.025781910397294938,-0.00295857988165682,-0.00295857988165682,-0.00295857988165682,-0.00295857988165682,-0.00295857988165682,-0.02071005917159774,-0.02071005917159774,-0.07269653423499578,-0.07269653423499578,1,1,0,0,0,1,5,5,78,78,0,0,0,0
RVNUSDT,Sample,flat,0,0,0,0,0,0,0,0,0,0,0,0,0,0,0,0,0,0,0,0,0,0,0,0,0,0,0,0,0,0,0,0,0,0,0,0,0,0,0,0,0,0,0,0,0,0,0,0,0,0,0,0,0,0,0,0,0,0,0,0,0,0,0,0,0,0,0,0
HBARUSDT,Sample,flat,0,0,0,0,0,0,0,0,0,0,0,0,0,0,0,0,0,0,0,0,0,0,0,0,0,0,0,0,0,0,0,0,0,0,0,0,0,0,0,0,0,0,0,0,0,0,0,0,0,0,0,0,0,0,0,0,0,0,0,0,0,0,0,0,0,0,0,0
STXUSDT,Sample,positive,0.17980000000000085,0.017980000000000086,7,1,6,0.14285714285714285,7,0.2333387346929327,-0.00018712137490261674,-0.0001751879699493561,0.00017879939340721224,0.0001729052882576658,-0.0008404170279513734,-0.0007630106785925386,0.0007901580961315993,0.0007621900970390611,-0.0013786652240738637,-0.0241617463082591,-0.05443132123733279,0.005619882182027268,0.005174013364967074,0.346799264486663,0.33130581049922825,0.39285714285714285,0.40857142857142853,0.42857142857142855,0.4198250728862974,0.007930046265789732,0.010808604193242699,0.015565257198116871,0.005420427387779322,0.0036722585363413917,0.021542866633176522,0.051061124422611695,0.05097047783967006,0.08374954083282557,0.015852331416728132,0.017831624964817543,0.024928063026391088,0.028715076999090674,0.02990246104361757,0.04747020843235705,0.10160230382141625,0.12974702045134884,0.1472089484395364,-0.002613874164405077,-0.002984931678319734,-0.0042465272256295705,-0.00922755769207533,-0.009601110176199372,-0.03281588168475813,-0.04026099882389088,-0.04105370591861936,-0.043714936879493606,1,1,1,0,0,0,3.2857142857142856,3,27.285714285714285,18,530.4285714285714,406,0,0
KAVAUSDT,Sample,flat,0,0,0,0,0,0,0,0,0,0,0,0,0,0,0,0,0,0,0,0,0,0,0,0,0,0,0,0,0,0,0,0,0,0,0,0,0,0,0,0,0,0,0,0,0,0,0,0,0,0,0,0,0,0,0,0,0,0,0,0,0,0,0,0,0,0,0,0
ARPAUSDT,Sample,flat,0,0,0,0,0,0,0,0,0,0,0,0,0,0,0,0,0,0,0,0,0,0,0,0,0,0,0,0,0,0,0,0,0,0,0,0,0,0,0,0,0,0,0,0,0,0,0,0,0,0,0,0,0,0,0,0,0,0,0,0,0,0,0,0,0,0,0,0
IOTXUSDT,Sample,flat,0,0,0,0,0,0,0,0,0,0,0,0,0,0,0,0,0,0,0,0,0,0,0,0,0,0,0,0,0,0,0,0,0,0,0,0,0,0,0,0,0,0,0,0,0,0,0,0,0,0,0,0,0,0,0,0,0,0,0,0,0,0,0,0,0,0,0,0
RLCUSDT,Sample,flat,0,0,8,0,8,0,8,0.26667283964906596,-0.00015925751925070707,-0.00015537594030333001,0.00020636793094806096,0.00021028792526158537,-0.0004876748197398786,-0.00047522689770544875,0.0006316417537083008,0.0006431832718256694,-0.0031539149023806917,-0.009090826325757514,-0.040494774827733615,0.0028811379483299785,0.006530736886653891,0.23002260945914266,0.2531662959751733,0.2875,0.30500000000000005,0.37499999999999994,0.23979591836734696,-0.01097571453046517,-0.0031289606507662743,-0.017887391254198956,-0.0064396602710753426,-0.0017876304553091776,-0.02190461774752156,-0.0203416430952697,-0.07407185507189318,-0.045020507340132035,-1.3401946828695e-7,0.0034565390369698523,0.0034565390369698523,0.0034565390369698523,0.005985418900445516,0.005985418900445516,0.005985418900445516,0.005985418900445516,0.006903847463044871,-0.012819458494117475,-0.01850600943553614,-0.022792112672368164,-0.02340429510273241,-0.02340429510273241,-0.04207900920891841,-0.04207900920891841,-0.08524515165108604,-0.08524515165108604,0.125,0,0,0,0.125,0,9,9,0,0,0,0,0,0
BCHUSDT,Sample,negative,-2.1195238795901137,-0.002077964587833445,4214,102,4112,0.02420503084954912,4214,140.4699182851455,-0.02036439383459509,-0.012105262230454132,0.020242634349948097,0.011542239408481212,-0.00008163805454010918,-0.00005068020840263297,0.00008095068175550828,0.00004785282297481911,0.00001541461932842667,-0.0017793795621967822,-0.006398142640161564,0.0008429614201676092,0.0009422709923645993,0.17453432520304052,0.1975230825697541,0.30888704318936694,0.29860465116278795,0.2724752079534352,0.2631558556027983,0.00006207638347786019,0.000177682155704252,0.00041781976988760955,0.0000972754091536515,-0.0005484075109249047,0.00027680930807490064,-0.00016457665760286495,-0.0003394193913082932,0.0036861400862767176,0.0012745096123453123,0.002446360050319142,0.0036315251568185924,0.00513385775879664,0.0069343929981332975,0.01324925313921472,0.019339088041133465,0.029097040596927394,0.046811014406308915,-0.0013928366739824843,-0.0026264486253573796,-0.0037582521686537465,-0.005725397527469769,-0.008254516946061398,-0.014042475367821173,-0.019861343384858864,-0.027856881922524585,-0.03758929057823629,0.7892738490745135,0.6179401993355482,0.37209302325581395,0.06691979117228286,0.17133364973896537,0.24584717607973422,554.8214070956103,253.5,1007.7127496159754,663.5,1305.876913265306,1091,1414.3936170212767,1375.5
EURUSDT,Sample,flat,0,0,4,0,4,0,4,0.13333641982453298,-0.0003437218039273222,-0.00024454887159656644,0.0008136371398160866,0.000919204335115405,-0.0002932026794573397,-0.00020865475991865037,0.0006942403569572579,0.0007843793557429128,-0.0002985002048047358,-0.01746728612336948,-0.036139721913093587,0.0025416999960268796,0.0033931545515946252,0.6569395821569799,0.5540546766196135,0.2625,0.315,0.22368421052631576,0.25510204081632654,-0.00021322143454843845,-0.000170546583236314,-0.0001705593181968723,-0.0003198639983846008,-0.00044783215898538953,-0.0008531131932304759,-0.002388851219007476,-0.0046498143297751815,-0.004671138114401535,0.00006400591740574058,0.00008534243699270805,0.00010667895657962001,0.00012801183481153666,0.00012801183481153666,0.0014718303650218534,0.0014718303650218534,0.0014718303650218534,0.0014718303650218534,-0.0002772146169936207,-0.0003198639983846008,-0.0003198639983846008,-0.0004905015568042737,-0.0006611391152239188,-0.0010024142320631813,-0.002452833478630373,-0.004713791135904838,-0.0056949470886040465,0,0,0,0,0,0,0,0,0,0,0,0,0,0
OGNUSDT,Sample,flat,0,0,0,0,0,0,0,0,0,0,0,0,0,0,0,0,0,0,0,0,0,0,0,0,0,0,0,0,0,0,0,0,0,0,0,0,0,0,0,0,0,0,0,0,0,0,0,0,0,0,0,0,0,0,0,0,0,0,0,0,0,0,0,0,0,0,0,0
LSKUSDT,Sample,flat,0,0,15,0,15,0,15,0.5000115743419987,-0.00018354887095704792,-0.00017195488726165473,0.00019411867611609796,0.0001837419631429499,-0.0017380266899243908,-0.001664616527218342,0.0018356706437978525,0.0017975868936643475,-0.00039550807547263924,-0.03123942040405817,-0.11169627965754435,0.007714615258390555,0.013169901004682962,0.27711021982075096,0.2655101034352642,0.47333333333333333,0.45066666666666666,0.343859649122807,0.4081632653061225,-0.0065802070134044115,-0.008627907684915385,-0.01741341985970525,-0.034111158725965034,-0.03607082320893464,-0.030558902636402676,-0.041204768071511515,-0.03894054870496733,-0.04867439803904981,0.006152643333183365,0.012235667236454728,0.015000212509750862,0.015000212509750862,0.015000212509750862,0.015000212509750862,0.03715499771200222,0.045023850171018606,0.045023850171018606,-0.013105891974645897,-0.023478830526225538,-0.03209031542525779,-0.04953213807597654,-0.05974370011874641,-0.06436923664529602,-0.07540713896463777,-0.07746377001737488,-0.09622771856172076,0.6,0.6,0.5333333333333333,0.3333333333333333,0,0.06666666666666667,107.66666666666667,14,110,15,576.125,535.5,1851.8,2293
MBLUSDT,Sample,flat,0,0,0,0,0,0,0,0,0,0,0,0,0,0,0,0,0,0,0,0,0,0,0,0,0,0,0,0,0,0,0,0,0,0,0,0,0,0,0,0,0,0,0,0,0,0,0,0,0,0,0,0,0,0,0,0,0,0,0,0,0,0,0,0,0,0,0,0
COTIUSDT,Sample,flat,0,0,0,0,0,0,0,0,0,0,0,0,0,0,0,0,0,0,0,0,0,0,0,0,0,0,0,0,0,0,0,0,0,0,0,0,0,0,0,0,0,0,0,0,0,0,0,0,0,0,0,0,0,0,0,0,0,0,0,0,0,0,0,0,0,0,0,0
SOLUSDT,Sample,positive,4.087759926981848,0.0070478619430721515,4104,58,4046,0.014132553606237816,4104,136.80316673997083,-0.006194065364672535,-0.0038947369370682175,0.005744460799685759,0.0034165602577158616,-0.0000642450024062243,-0.00004125336284992779,0.00005945859884392989,0.00003690076246014857,0.00006948260175888981,-0.0013439512230908523,-0.004813405518969187,0.0007202328539615066,0.0007651971205466907,0.15555259652375902,0.1743786643936059,0.41839668615984693,0.4037816764132666,0.438250230840259,0.4168556311413269,0.00008611012619076487,0.0001699695104064681,0.0004737795566561738,0.0006091357664898245,0.0008842519744182478,0.002475464881682595,0.004330330783336991,0.00919789166167273,0.021592245745360398,0.001229214212019009,0.002234723734015237,0.0032582139088617097,0.004643470351748215,0.006563183348093123,0.012590456856821199,0.018595543215634936,0.03038418725331723,0.05143991140120678,-0.00122841097590865,-0.0023379142859879898,-0.003121012778324002,-0.004332419250314587,-0.006110564175169297,-0.009729871880285929,-0.013756366812947791,-0.019065598010269913,-0.023685672570336422,0.7772904483430799,0.5923489278752436,0.41228070175438597,0,0.18494152046783627,0.1800682261208577,572.9250783699059,279.5,957.8708350473056,704,1347.6182033096927,1277.5,0,0
CTSIUSDT,Sample,flat,0,0,0,0,0,0,0,0,0,0,0,0,0,0,0,0,0,0,0,0,0,0,0,0,0,0,0,0,0,0,0,0,0,0,0,0,0,0,0,0,0,0,0,0,0,0,0,0,0,0,0,0,0,0,0,0,0,0,0,0,0,0,0,0,0,0,0,0
HIVEUSDT,Sample,flat,0,0,0,0,0,0,0,0,0,0,0,0,0,0,0,0,0,0,0,0,0,0,0,0,0,0,0,0,0,0,0,0,0,0,0,0,0,0,0,0,0,0,0,0,0,0,0,0,0,0,0,0,0,0,0,0,0,0,0,0,0,0,0,0,0,0,0,0
CHRUSDT,Sample,flat,0,0,0,0,0,0,0,0,0,0,0,0,0,0,0,0,0,0,0,0,0,0,0,0,0,0,0,0,0,0,0,0,0,0,0,0,0,0,0,0,0,0,0,0,0,0,0,0,0,0,0,0,0,0,0,0,0,0,0,0,0,0,0,0,0,0,0,0
KNCUSDT,Sample,flat,0,0,0,0,0,0,0,0,0,0,0,0,0,0,0,0,0,0,0,0,0,0,0,0,0,0,0,0,0,0,0,0,0,0,0,0,0,0,0,0,0,0,0,0,0,0,0,0,0,0,0,0,0,0,0,0,0,0,0,0,0,0,0,0,0,0,0,0
COMPUSDT,Sample,positive,8.681159349790141,0.00894964881421664,3455,97,3358,0.028075253256150505,3455,115.16933262344035,-0.0017750302605036845,-0.0012706767835481885,0.0017643504564236912,0.0011730207654160993,-0.00009262317049175563,-0.00006670565120691216,0.00009208290332546948,0.00006185044762310156,-0.00006835822709156728,-0.002101155229546513,-0.007069008648416416,0.0009346623486183041,0.0010433314245286158,0.24709037886822977,0.25338920350194166,0.2183357452966724,0.21627785817655532,0.16493259197196616,0.16194807879736176,0.00010398881852735961,0.00022581169637899545,0.0005020644553332007,0.000898467442608736,0.0009675934685503097,0.001969190188225454,0.005054887962737938,0.008946797359842683,0.015148292891841067,0.0012303031560179025,0.0025543174096005292,0.003923668250680739,0.005688666685274471,0.008173473245845922,0.015367895688243349,0.02389542043960802,0.03619496192866292,0.05402545441390858,-0.0012368612172077107,-0.002503886331366864,-0.003686538446036773,-0.005021334103992902,-0.007286105683388698,-0.012139082579249413,-0.01617938307758643,-0.022109535227899612,-0.029343556627453474,0.8648335745296671,0.7267727930535456,0.47930535455861073,0.0341534008683068,0.13806078147612155,0.24746743849493488,409.5458500669344,236,844.2791716447631,493,1214.9631642512077,1126,1582.457627118644,1788.5
SCUSDT,Sample,flat,0,0,0,0,0,0,0,0,0,0,0,0,0,0,0,0,0,0,0,0,0,0,0,0,0,0,0,0,0,0,0,0,0,0,0,0,0,0,0,0,0,0,0,0,0,0,0,0,0,0,0,0,0,0,0,0,0,0,0,0,0,0,0,0,0,0,0,0
ZENUSDT,Sample,positive,1.0768324804883163,0.003589441601627721,2736,30,2706,0.010964912280701754,2736,91.20211115998056,-0.0009868088328543003,-0.0006492481044461558,0.0010304771174449803,0.0006226423424912659,-0.00016835149063659487,-0.00011808045141411459,0.0001744393350548706,0.00011464760298066491,-0.00018810907944595564,-0.0038122917566200693,-0.013406043050852582,0.0015658776291810575,0.001782701959888173,0.1818195465972732,0.21904028640021422,0.39477339181286797,0.3822441520467861,0.45052323791935894,0.42508801766320636,0.0001010783275366827,0.00047806997149567093,0.0008014878233660823,0.0015662265554764556,0.0026961152419911695,0.006644246480545824,0.012933002946390632,0.017491876358288846,0.03383677288981456,0.0024659442750831614,0.004949907698650551,0.007312223865429811,0.010843745375903265,0.01582042890697558,0.02924589484384877,0.0485233804834496,0.07149262170781055,0.10793422725221842,-0.002650189005057257,-0.00502773243416115,-0.007060802864890704,-0.01001130546474327,-0.013561591265637612,-0.021456051999190102,-0.028820093064421265,-0.03547722266245336,-0.04414235901099985,0.9060672514619883,0.8194444444444444,0.6385233918128655,0.05921052631578947,0.08662280701754387,0.18092105263157895,245.45098830173458,77,451.57091882247994,231,753.0085861476817,559,1404.7345679012346,1284.5
SNXUSDT,Sample,flat,0,0,4,0,4,0,4,0.13333641982453298,-0.000167161653774458,-0.00016936090189464476,0.00020442177961551262,0.0001873209708710843,-0.0007124286959912764,-0.0007235486165485092,0.000869865351752111,0.0008004958047105695,-0.0014784204308929683,-0.02068425021126466,-0.06296052511743191,0.005727054041441358,0.010152962718051939,0.24857894736842706,0.24763824250582414,0.4,0.44,0.48684210526315785,0.4489795918367347,0.009197049185191597,0.011788229990687071,0.002557288079743203,0.007501602043086281,-0.000936924714107279,-0.02913857021193214,-0.02852610448853815,-0.0762473465128253,-0.036287749281476656,0.011317836197908493,0.01826072539466045,0.018788597016282105,0.020372211881146962,0.020372211881146962,0.020372211881146962,0.020372211881146962,0.020372211881146962,0.020372211881146962,-0.0015830099212920945,-0.002849901813184008,-0.004011219380751552,-0.009778734635142367,-0.010728903554061309,-0.05035087253316223,-0.05035087253316223,-0.08613845741751136,-0.08613845741751136,1,0.75,0,0,0.25,0.75,10.75,4,13.666666666666666,14,0,0,0,0
VTHOUSDT,Sample,flat,0,0,0,0,0,0,0,0,0,0,0,0,0,0,0,0,0,0,0,0,0,0,0,0,0,0,0,0,0,0,0,0,0,0,0,0,0,0,0,0,0,0,0,0,0,0,0,0,0,0,0,0,0,0,0,0,0,0,0,0,0,0,0,0,0,0,0,0
DCRUSDT,Sample,positive,5.315004369275451,0.005368691282096415,3480,99,3381,0.028448275862068967,3480,116.00268524734369,-0.0017391367697637725,-0.0009323308641560152,0.001898299168683491,0.0008955265748851475,-0.0001206004331768818,-0.00006855100185030146,0.00012964817914593125,0.00006524103902584243,-0.00016328874853894286,-0.002700272771912244,-0.009781820567938835,0.0014726963665900742,0.0016726409998608898,0.20425942271492536,0.20312914120764375,0.19571839080459733,0.19460344827586323,0.1698578342407715,0.16424466338259,0.0001961243975563385,0.0006015652930904849,0.0009365330303060949,0.0013519604564356388,0.0022095093647901305,0.0034089532305699314,0.006123094132133652,0.00793328746485991,0.015175600222236706,0.001982104371835114,0.0036977373396686656,0.005454260063705813,0.00809008727767923,0.012405780147159401,0.02196558346953431,0.033478436997252094,0.045721519541315675,0.06837808336414922,-0.001736766551623522,-0.003218063099979549,-0.0046150149558424405,-0.0065301368628449446,-0.00962387149705681,-0.015693800582955667,-0.020822104630772043,-0.02626945153463741,-0.03232318525204603,0.832471264367816,0.6272988505747127,0.4419540229885057,0,0.20517241379310344,0.1853448275862069,447.4280289955126,169,663.2638570774164,452,1021.2607282184655,801.5,0,0
MANAUSDT,Sample,flat,0,0,0,0,0,0,0,0,0,0,0,0,0,0,0,0,0,0,0,0,0,0,0,0,0,0,0,0,0,0,0,0,0,0,0,0,0,0,0,0,0,0,0,0,0,0,0,0,0,0,0,0,0,0,0,0,0,0,0,0,0,0,0,0,0,0,0,0
YFIUSDT,Sample,positive,10.855240665586129,0.009606407668660291,4090,113,3977,0.02762836185819071,4090,136.33648927058496,-0.15551298784859433,-0.09924812030075188,0.15315618153064844,0.09867694446199532,-0.00007036664455518914,-0.00004616422241376456,0.00006969986620072563,0.00004517594790809051,0.000005898538507445886,-0.0015671136118059921,-0.005325548382123524,0.0007983591639425955,0.0009060889908033365,0.28754826358939717,0.2662652299272937,0.16903422982885138,0.16853789731051477,0.11505597735168793,0.11285863978842993,0.00009193991888599052,0.00024621262070124864,0.0004941607140670205,0.0007571102718319723,0.001351240842611904,0.0022666606643758132,0.003298162883254295,0.0055509103819113515,0.008564196211127998,0.0009515683043989736,0.002087597514919908,0.003314793320382566,0.004976019784226659,0.007109421420366481,0.013212557743315808,0.019591851143653267,0.029017997831524873,0.045883479043196826,-0.0008747711157438199,-0.001986938453754593,-0.0030215254252060047,-0.004389326739959269,-0.006115326343369436,-0.010201413453774615,-0.014242979559962328,-0.018633069639060883,-0.025617265165414894,0.8418092909535453,0.6542787286063569,0.41271393643031784,0.00024449877750611245,0.18753056234718826,0.24156479217603913,559.2291606157421,272,902.4745889387145,583.5,1308.670616113744,1224,1397,1397
CRVUSDT,Sample,positive,0.17980000000000174,0.017980000000000173,14,1,13,0.07142857142857142,14,0.4666774693858654,-0.00021626745457380912,-0.00020740601529811834,0.00021818118188852127,0.0001873948944677117,-0.0006137975867700885,-0.0005670484497150606,0.0006254148523299095,0.0005231753954681715,-0.0006557492398645559,-0.014963286161915787,-0.04533481077949448,0.004347312934982489,0.005315665889573977,0.3199492914693828,0.36930789724251956,0.37142857142857144,0.3785714285714286,0.4699248120300751,0.48396501457725943,0.0007819330766186841,0.004817492552864987,0.011087717127047139,0.019438287861486443,0.015277312626286605,0.009916132225240182,0.014467210001722353,-0.01812787231288217,0.0008704958408857132,0.004111040883097851,0.024621277303175173,0.03627500390056658,0.04396029551915954,0.04631633760529249,0.04631633760529249,0.060135161853300825,0.0605288789572007,0.061630771619891896,-0.003990933895418444,-0.0054181640325415914,-0.006741028215173171,-0.007396427234933246,-0.010221078516661986,-0.019347857006912123,-0.025693254491478523,-0.034227155034541594,-0.03942223581525504,1,0.7857142857142857,0.5714285714285714,0,0.21428571428571427,0.21428571428571427,26.142857142857142,19.5,137.1818181818182,14,270.625,22.5,0,0
USDCUSDT,OutOfSample,flat,0,0,0,0,0,0,0,0,0,0,0,0,0,0,0,0,0,0,0,0,0,0,0,0,0,0,0,0,0,0,0,0,0,0,0,0,0,0,0,0,0,0,0,0,0,0,0,0,0,0,0,0,0,0,0,0,0,0,0,0,0,0,0,0,0,0,0,0
USD1USDT,OutOfSample,flat,0,0,0,0,0,0,0,0,0,0,0,0,0,0,0,0,0,0,0,0,0,0,0,0,0,0,0,0,0,0,0,0,0,0,0,0,0,0,0,0,0,0,0,0,0,0,0,0,0,0,0,0,0,0,0,0,0,0,0,0,0,0,0,0,0,0,0,0
RLUSDUSDT,OutOfSample,flat,0,0,0,0,0,0,0,0,0,0,0,0,0,0,0,0,0,0,0,0,0,0,0,0,0,0,0,0,0,0,0,0,0,0,0,0,0,0,0,0,0,0,0,0,0,0,0,0,0,0,0,0,0,0,0,0,0,0,0,0,0,0,0,0,0,0,0,0
BNBUSDT,OutOfSample,negative,-0.017129862467172297,-0.00003172196753180055,4425,54,4371,0.012203389830508475,4425,147.50341443088962,-0.028003323359932178,-0.016052631558290214,0.028294280847190875,0.016015694751302073,-0.00004042392467876444,-0.000023943486599308347,0.00004082373434117189,0.00002370871830718629,0.00004058071758065435,-0.0008534454747745573,-0.0032149206246590454,0.0004300288481065813,0.00045879013213059514,0.1629610036342546,0.19242650856056467,0.4331525423728855,0.4175412429378657,0.47093666369313003,0.4506260809408369,0.00004070929861140097,0.00013472888957677005,0.0002572824177513406,0.0003485213194050839,0.000366472284448893,0.0009120865346434938,0.0020979286214558223,0.004962948552440677,0.010774361274075304,0.0007012409600062398,0.0013179076241288216,0.0019268481713767924,0.0028619555868899145,0.004069860710102487,0.0074442258939828015,0.01149371814943702,0.018243832673004844,0.031008465343376684,-0.0007249379039638424,-0.0013249929902902225,-0.0019394469495739712,-0.002886299565492117,-0.003989558880698352,-0.0067007784977763,-0.009265146643040623,-0.012752946946248147,-0.016875157565354543,0.6409039548022599,0.48836158192090395,0.25740112994350284,0,0.15254237288135594,0.23096045197740114,849.8910437235543,562,1280.0236001850994,1221,1467.9262510974538,1390,0,0
SAHARAUSDT,OutOfSample,flat,0,0,0,0,0,0,0,0,0,0,0,0,0,0,0,0,0,0,0,0,0,0,0,0,0,0,0,0,0,0,0,0,0,0,0,0,0,0,0,0,0,0,0,0,0,0,0,0,0,0,0,0,0,0,0,0,0,0,0,0,0,0,0,0,0,0,0,0
牛来USDT,OutOfSample,flat,0,0,8,0,8,0,8,0.26667283964906596,-0.00020612969924815844,-0.0002092105263158257,0.0001726028337650386,0.000176893713274742,-0.002314061990731361,-0.002355875816542087,0.0019387252499977637,0.0019786232532954624,0.009443849560392847,-0.034857151617442586,-0.15522937296516925,0.013080819604210587,0.012351644466552805,0.15932341116951246,0.31465167719382964,0.425,0.345,0.5394736842105263,0.4566326530612245,-0.0015448421221295333,-0.002596667413018325,0.012427570829129597,-0.02532924853379305,-0.0025294392976002583,-0.14505833953150826,-0.08710252525356454,-0.01773971800158508,0.061088865812819,0.011746959017875286,0.014263141050801037,0.033127057411147603,0.033127057411147603,0.033127057411147603,0.033127057411147603,0.033127057411147603,0.033127057411147603,0.06524383332632025,-0.01729905097757388,-0.022295138179456025,-0.023582634327181662,-0.06299867749580262,-0.06299867749580262,-0.15515036441260374,-0.19865275199065757,-0.19865275199065757,-0.19865275199065757,1,1,1,1,0,0,9.625,4,16.625,18.5,1157.25,1535,318.125,353
HOLOUSDT,OutOfSample,flat,0,0,0,0,0,0,0,0,0,0,0,0,0,0,0,0,0,0,0,0,0,0,0,0,0,0,0,0,0,0,0,0,0,0,0,0,0,0,0,0,0,0,0,0,0,0,0,0,0,0,0,0,0,0,0,0,0,0,0,0,0,0,0,0,0,0,0,0
NEARUSDT,OutOfSample,negative,-0.060666223090151794,-0.002022207436338393,1223,3,1220,0.0024529844644317253,1223,40.76761036135096,-0.0003945917856334568,-0.00030676692782196226,0.0004075323279218338,0.00030350032887830025,-0.00019407607686164474,-0.00015786914111827073,0.00019850025986004383,0.00015308387945508548,-0.00005848655655063841,-0.0044899292368872,-0.015040703899867156,0.0016004717285639685,0.0017058737572004262,0.20037093618839283,0.24620161075122904,0.3604251839738347,0.3443008994276358,0.3756939363945428,0.36684632970113684,-0.00002188700564130171,0.0008065715509616838,0.0008471971221661345,0.0014403729363322985,0.00231333418527082,0.006081997640969528,0.014712423964398341,0.022799981617821766,0.03776681251615652,0.0025435631887816305,0.004952947016553299,0.007049258347248548,0.009799905306313122,0.01406413602530596,0.026439906185404503,0.04179735600400142,0.06020982811620341,0.09136085925658073,-0.0029253770362839735,-0.004953681789343415,-0.0067790177153806575,-0.00927828917684095,-0.012504105651962064,-0.017965903020607632,-0.02405593988328048,-0.03206137852796205,-0.03834081093333592,0.9452166802943581,0.8732624693376942,0.7048242027800491,0.0008176614881439084,0.07195421095666395,0.16843826655764513,283.2430795847751,98.5,493.061797752809,240.5,884.707656612529,669,302,302
SUIUSDT,OutOfSample,flat,0,0,130,0,130,0,130,4.333433644297322,-0.0002899450563119024,-0.00021766917441752405,0.0003192386172587141,0.00022020951435983377,-0.00037325468535219237,-0.0002794902635272613,0.0004069480324977439,0.0002928159694176141,0.000996714710718662,-0.00821821164250915,-0.028958481734837005,0.0028486302838714073,0.003235485952718171,0.22673779920797066,0.3215647031512414,0.46346153846153826,0.40861538461538505,0.48947368421052667,0.4469387755102038,0.001365739825499304,0.0021105737999825413,0.0037903138748125904,0.006215197320418126,0.003759868547257129,0.005857666920766433,0.015317588956678592,0.009879634942606352,0.006585579143357135,0.004478445299173422,0.007087042699531962,0.009362785612441598,0.012645189016065761,0.01648705767183361,0.02337102562980372,0.03809490140787822,0.051615265641780476,0.06545420524729977,-0.0036083990291686527,-0.005431562170530027,-0.0065813629330553364,-0.00784370168089423,-0.010936718291380487,-0.015494444350178958,-0.01943990415797866,-0.030261954254915943,-0.03853846038500622,0.8846153846153846,0.7923076923076923,0.6538461538461539,0.06153846153846154,0.09230769230769231,0.13846153846153847,118.65217391304348,38,494.86407766990294,219,1034.0470588235294,667,2594.625,2732
UNIUSDT,OutOfSample,negative,-0.6445915026535254,-0.004297276684356836,2587,15,2572,0.005798221878623889,2587,86.2353295215167,-0.000876065194851405,-0.0005864663150112707,0.0008477162198391403,0.0006054084457800674,-0.0001684739311205956,-0.00011974452598202219,0.00016098400426669827,0.00011997676649979632,-0.000209675926951844,-0.003738951439621818,-0.012897109113686104,0.0015099534889360538,0.001661847169135493,0.17958547898087057,0.21381095569067135,0.41459219172787026,0.39914186316196504,0.4618232864728482,0.43964721567018694,0.0001226210659803118,0.0004199012712038743,0.001241576886428278,0.0019750784491281564,0.0014103550265683895,0.0042772883354668416,0.009434557831577216,0.017251489054590324,0.04057283113958787,0.00266071897362763,0.004830607447435756,0.007134502724139224,0.010781955139634435,0.014549718911024266,0.026786982229666186,0.040139833544797526,0.05859603434906888,0.09918500258950956,-0.0027528243684215308,-0.005011729403787554,-0.0066269922344285035,-0.008972207477172511,-0.012404950337787312,-0.020535308976469015,-0.027324057563708405,-0.03539611094996001,-0.04559722613947682,0.9072284499420178,0.8171627367607267,0.6463084654039428,0.10668728256667954,0.09006571318129107,0.1708542713567839,234.52748189177674,61,487.49243140964995,257,928.6465311004785,693.5,1564.7282608695652,1643.5
ENAUSDT,OutOfSample,flat,0,0,13,0,13,0,13,0.4333433644297322,-0.00017795257382886254,-0.00018751879712536015,0.0001576315059703933,0.0001568819106230899,-0.0011572360848179002,-0.0011713786314254278,0.0010416485849543881,0.0011234515587085234,-0.00959830451012571,-0.028288894257830502,-0.08573101573539432,0.005379942388652281,0.006030189263883872,0.35645219067324524,0.44575445839968847,0.37692307692307686,0.33384615384615385,0.49392712550607293,0.4285714285714285,-0.002088137804287695,-0.012092217514590562,-0.0127799467740893,-0.00921550428689875,-0.010168422203417892,0.022189067151070045,0.04847808166463933,0.024079685054435737,0.08053816119067846,0.007270613340038406,0.01000202556461263,0.01000202556461263,0.01833446024358981,0.026497434612847377,0.03675637853256508,0.10636079215375817,0.11324521958429072,0.18399621720298642,-0.009397251391612139,-0.019446899496508678,-0.02613952770604789,-0.03383654644473991,-0.04734451519136999,-0.048166123489613806,-0.048166123489613806,-0.048166123489613806,-0.05568181525656342,0.9230769230769231,0.5384615384615384,0.5384615384615384,0.46153846153846156,0.38461538461538464,0,317.1666666666667,9,42,44,97,100,1893.1666666666667,1906
MARSCOINUSDT,OutOfSample,flat,0,0,41,0,41,0,41,1.366698303201463,-0.00023788556754378358,-0.00021421052626749743,0.0002806053410158527,0.00022918026161008315,-0.0012110512473359801,-0.0010792897361406371,0.0014776324431403547,0.0010945510566236077,-0.003654637837098442,-0.0256844706685274,-0.09682907928956444,0.008074472241850504,0.00977549115731713,0.22845639301525195,0.3170280315720762,0.3878048780487804,0.4087804878048782,0.5032092426187421,0.4838227974116475,0.0020304607100942755,-0.015130432088225228,-0.011604314849728856,-0.00552375900774411,-0.00979931005012269,-0.032202003828083206,-0.04488616652152605,-0.14972012109399296,-0.2769460009905553,0.012017285677948405,0.016823048618595914,0.017522347729251132,0.0250426267545734,0.02877181485783813,0.053126816780181114,0.05535064285425644,0.07946094959878876,0.07946094959878876,-0.014771501314182357,-0.03449838332802355,-0.045052814803796915,-0.04792147672370848,-0.04792147672370848,-0.07404428264731513,-0.12265518447412595,-0.20295726366325306,-0.3059686416764715,1,0.9512195121951219,0.4634146341463415,0.9512195121951219,0.04878048780487805,0.4878048780487805,65.8048780487805,6,120.35897435897436,34,134.3684210526316,94,583.2820512820513,410
PUMPUSDT,OutOfSample,flat,0,0,0,0,0,0,0,0,0,0,0,0,0,0,0,0,0,0,0,0,0,0,0,0,0,0,0,0,0,0,0,0,0,0,0,0,0,0,0,0,0,0,0,0,0,0,0,0,0,0,0,0,0,0,0,0,0,0,0,0,0,0,0,0,0,0,0,0
RAYUSDT,OutOfSample,flat,0,0,396,0,396,0,396,13.200305562628765,-0.0005257304232009991,-0.0003399999999841815,0.0005529818614815065,0.0003239424409542459,-0.000455527815124343,-0.0002913651787438411,0.000479085763778597,0.00031316066323871107,-0.0005313025220651672,-0.01069731556438511,-0.03604433392679662,0.0033468134276278434,0.0038141124792390626,0.22052941157994452,0.27380720348565535,0.4385101010101008,0.4142424242424236,0.472089314194577,0.45001030715316503,-0.000017482417856163173,-0.00020822890295106014,0.0015561413026793283,-0.002221384170930317,0.0020159095015615464,0.02656147394377221,0.033439452451086454,0.024546112109619846,0.06028964055381104,0.005332019444379912,0.008827691223511893,0.012968006056128948,0.017602745994543905,0.024590743474106044,0.06562648886761704,0.09502421835903317,0.11189792596488264,0.16396024545813812,-0.005299197502529228,-0.009744391103445039,-0.012572428929322211,-0.01803589757729715,-0.023986742855779244,-0.033128075478226146,-0.03901662675672237,-0.05119635697445743,-0.060881836758999955,0.9671717171717171,0.9166666666666666,0.8232323232323232,0.19696969696969696,0.050505050505050504,0.09343434343434344,154.6762402088773,27,342.3471074380165,145,497.7914110429448,371.5,1325.8974358974358,1562
PEPEUSDT,OutOfSample,flat,0,0,0,0,0,0,0,0,0,0,0,0,0,0,0,0,0,0,0,0,0,0,0,0,0,0,0,0,0,0,0,0,0,0,0,0,0,0,0,0,0,0,0,0,0,0,0,0,0,0,0,0,0,0,0,0,0,0,0,0,0,0,0,0,0,0,0,0
TAOUSDT,OutOfSample,negative,-1.3859942816413302,-0.0028285597584516943,4075,49,4026,0.012024539877300613,4075,135.83647769624298,-0.02190785527512117,-0.013458646609145041,0.021723046111535884,0.013614709393549671,-0.0000944619570737401,-0.00006035902441355498,0.00009380590881991754,0.00006143286073933415,0.00010481665769138492,-0.0020187859066059504,-0.007247583910052395,0.0010726035861264671,0.0011287047978180789,0.15072604158336783,0.1720649421784399,0.35063803680981354,0.3411484662576714,0.346580561834031,0.3342030800050018,0.00005330440076612622,0.00025621408260698847,0.0003824963108326177,0.000602445847536638,0.0010456892913978375,0.0019166785341642844,0.0031294653004612593,0.005932612898817526,0.01532328591676032,0.0017083664251938437,0.0031944594089262294,0.004597253686115622,0.006705983951635683,0.00955866386717627,0.017451178306240118,0.024664028619775628,0.03815390752945169,0.05965520166102161,-0.0018132685679415918,-0.0032749146979912545,-0.004669892761954623,-0.0066922003980710056,-0.00906847292580227,-0.015358009608070109,-0.021125345950459375,-0.028509610401584003,-0.03650979927694177,0.8196319018404908,0.6765644171779142,0.4785276073619632,0.0022085889570552146,0.14306748466257668,0.19803680981595093,443.561377245509,160.5,763.7493652520856,490,1022.5005128205128,835,1730.4444444444443,1588
XAUTUSDT,OutOfSample,negative,-0.8260042193576344,-0.0010197582955032522,4585,81,4504,0.01766630316248637,4588,152.93687353873932,-0.0970334465625877,-0.05733459137905305,0.08965856974627553,0.050946649096023006,-0.000021825249531446797,-0.000012959760286987263,0.00002017072274792549,0.000011497882172368885,-0.000008508199069051125,-0.00048078994863524015,-0.001648256478483404,0.00020237245980907022,0.00022011332064488266,0.298116774510169,0.31894959346839147,0.3475479511769839,0.3425021795989586,0.3440324874959823,0.33010248563242217,0.00002091167130613692,0.000048171534877034174,0.00009361205389049357,0.00006417470522239324,0.00012359932965102597,0.00002554068535038705,-0.0002401232703146882,-0.0003356030050106283,0.000140290726142543,0.0003122271440730289,0.0006232712605670868,0.0009181991068874054,0.001372062001129381,0.0020025057583197177,0.003619058866560322,0.005196779449894719,0.007827081566130824,0.011401753563471577,-0.0002994241467287029,-0.0005934504123191528,-0.0008790701651112574,-0.0013320074716636978,-0.001984481106548255,-0.0037481638816357073,-0.005532722079327034,-0.008679783575060392,-0.012474389840125753,0.40867480383609417,0.1710985178727114,0.03683522231909329,0,0.23757628596338273,0.13426329555361813,1172.2117333333333,1057,1580.7783439490445,1544,1869.0355029585799,1938,0,0
AVAXUSDT,OutOfSample,positive,0.1227367528367156,0.00111578866215196,2049,11,2038,0.005368472425573451,2049,68.30158105511701,-0.0006725150938342808,-0.00046616539197927515,0.0006311363245559522,0.00042854364776819735,-0.0000923400976266187,-0.00006536054470104676,0.00008694094466387473,0.00005927862618040422,0.00008195391004724808,-0.0020370169896424374,-0.007043061476223863,0.0008623134517887603,0.0009293022224446407,0.1761092051088247,0.21919483836490125,0.40866276232308474,0.38954612005856465,0.4278081734350517,0.40763538211771627,0.0000972935287735554,0.00016583081849287244,0.0003201687935779729,0.0008176435677505221,0.0013076010544059717,0.0038798355298866392,0.005740833437397416,0.007758653977994669,0.011684045893201692,0.0014188912455816898,0.0025468307738495204,0.003547382230013895,0.005074568578768988,0.0070838551281255015,0.014116098335055036,0.019995186962938782,0.02863293309678004,0.04391995174478229,-0.001468500764476623,-0.0027024960309280865,-0.0037661583430277177,-0.005092185124423938,-0.006603740923454403,-0.010889030579866295,-0.014906662255804127,-0.02085651112129249,-0.02606284038237687,0.8413860419716935,0.6510492923377257,0.34895070766227426,0.0019521717911176184,0.1903367496339678,0.3020985846754514,530.1194895591648,241,941.4700149925037,699.5,1225.6377622377622,1007,280.75,302.5
ARBUSDT,OutOfSample,flat,0,0,0,0,0,0,0,0,0,0,0,0,0,0,0,0,0,0,0,0,0,0,0,0,0,0,0,0,0,0,0,0,0,0,0,0,0,0,0,0,0,0,0,0,0,0,0,0,0,0,0,0,0,0,0,0,0,0,0,0,0,0,0,0,0,0,0,0
FDUSDUSDT,OutOfSample,flat,0,0,0,0,0,0,0,0,0,0,0,0,0,0,0,0,0,0,0,0,0,0,0,0,0,0,0,0,0,0,0,0,0,0,0,0,0,0,0,0,0,0,0,0,0,0,0,0,0,0,0,0,0,0,0,0,0,0,0,0,0,0,0,0,0,0,0,0
UUSDT,OutOfSample,flat,0,0,0,0,0,0,0,0,0,0,0,0,0,0,0,0,0,0,0,0,0,0,0,0,0,0,0,0,0,0,0,0,0,0,0,0,0,0,0,0,0,0,0,0,0,0,0,0,0,0,0,0,0,0,0,0,0,0,0,0,0,0,0,0,0,0,0,0
WLDUSDT,OutOfSample,flat,0,0,24,0,24,0,24,0.8000185189471979,-0.0002465852141918269,-0.0001854887228057236,0.0003277475189880093,0.00018998559251552606,-0.000582449746119234,-0.0004747132967622829,0.0007959662838570625,0.0004658991664382155,0.0027521242542560415,-0.016357165185625567,-0.0467553882914773,0.005136846578098228,0.006220699735498693,0.23743735019099318,0.3238431116065173,0.3854166666666667,0.41750000000000004,0.44078947368421045,0.4549319727891156,0.0027789376018577997,0.0023804490377540336,0.00489349785645514,0.004740427957571958,-0.004098597338994953,-0.01109349765049148,-0.006283229163329684,-0.04334810698404434,-0.050917407936185176,0.006870213942497862,0.010940365875933314,0.013293764209724576,0.014998399438213924,0.01871321443587264,0.02383079220281123,0.03571281261796832,0.04331503093201544,0.04834717799251981,-0.004591203458201164,-0.005242173422986722,-0.008326704751634129,-0.010725605810852468,-0.018174748148292508,-0.035756545194867005,-0.0459333759859494,-0.07251295445696164,-0.10154412267005726,0.875,0.4583333333333333,0.375,0.3333333333333333,0.4166666666666667,0.08333333333333333,278.76190476190476,33,475.72727272727275,107,491.22222222222223,138,2126.5,2225.5
PAXGUSDT,OutOfSample,negative,-0.4454246266268,-0.000627358629051831,4647,71,4576,0.015278674413600172,4649,154.97025394106345,-0.0991256464094197,-0.05833082702024875,0.09155923510163462,0.052797990604519465,-0.00002226664694221378,-0.000013098502749769047,0.00002055854574490549,0.000011844573187252347,-0.00001472796849955233,-0.0004883857909160988,-0.0016796429657721615,0.000221626400775092,0.00023758396706634853,0.26942317322505077,0.28378521826128594,0.3469670896967117,0.3419488061948903,0.352424403663488,0.33348404967492107,0.000009246655858399224,0.000025447348238039566,0.0000844858094508477,0.00007877232615707999,0.00010920307371805989,0.000034444779206186375,-0.00028070503546151005,-0.0005213699494676097,0.00006174834533433018,0.0003305106315528508,0.0006467585647854117,0.0009534910991353578,0.0014172777481503839,0.0020705072279085263,0.003714814210732197,0.00536175369306804,0.008003941684101772,0.011706129244265394,-0.0003280071798366578,-0.0006489351139446744,-0.0009538952299609346,-0.0014034027682030717,-0.0020787761782729832,-0.003894215834614441,-0.005815868501585473,-0.009135551069164406,-0.013177099272794862,0.39664443966444396,0.1677780167778017,0.04302000430200043,0,0.2288664228866423,0.12475801247580125,1153.4598698481561,986,1519.7179487179487,1496.5,1824.595,1828.5,0,0
SNDKBUSDT,OutOfSample,negative,-2.7366554408728145,-0.0035540979751594996,4123,77,4046,0.01867572156196944,4123,137.43651473413738,-0.1256185379108418,-0.058075189091601316,0.11886850198887314,0.056687268408810866,-0.000079569068942601,-0.000036844686564638354,0.00007560216472811574,0.00003555759272661099,-0.0000421892031096392,-0.0017722874347287092,-0.006002531075892175,0.0008463459301654981,0.0008954875826646312,0.16187699559751853,0.17850581298796317,0.4318578704826605,0.41506669900558935,0.45892745445957733,0.4402579853187822,-0.00002336479564881695,0.0001730103802369986,0.00010927042898581946,0.000826470113427381,0.0013974261239139206,0.0024311866526143438,0.004183819859192205,0.009137323523803682,0.014212165975804495,0.001247973538233988,0.0024518502193929437,0.003691430817692117,0.0058905669482274305,0.008440451677821547,0.016394695292179667,0.024760091157986473,0.03888785532117978,0.05523506774970962,-0.0013372635404013743,-0.0024594326944395372,-0.0037036194343214477,-0.005195386817905418,-0.007171069315622013,-0.01320978887284786,-0.019046214047755514,-0.02513409868667379,-0.03414737245897459,0.9109871452825612,0.7766189667717681,0.4445791899102595,0.07712830463254912,0.1343681785107931,0.3320397768615086,594.9701810436635,319,818.5890068707058,577,916.6317512274959,767,1793.8490566037735,1916.5
WLFIUSDT,OutOfSample,flat,0,0,0,0,0,0,0,0,0,0,0,0,0,0,0,0,0,0,0,0,0,0,0,0,0,0,0,0,0,0,0,0,0,0,0,0,0,0,0,0,0,0,0,0,0,0,0,0,0,0,0,0,0,0,0,0,0,0,0,0,0,0,0,0,0,0,0,0
CRCLBUSDT,OutOfSample,positive,0.9445948222780676,0.0018891896445561351,4352,50,4302,0.011488970588235295,4352,145.07002476909187,-0.007404392809468616,-0.004278195484940057,0.00684610613652952,0.004158608737113096,-0.00008467044259897214,-0.000048997726408691884,0.00007851725294458212,0.000047447742212268365,-0.00004811222703816724,-0.0018054333580888816,-0.0064957972476672905,0.0008759856504764712,0.0009476179453248938,0.18147823197801038,0.20586800446241696,0.36567095588235443,0.3580468750000059,0.37042859907120507,0.3563925570228003,0.0000312047187986114,0.00001826778621452467,0.00014050886819801719,-0.000012165358583906493,0.0004071987175446431,0.0018695042725143229,0.0035527354104881123,0.008315747334334683,0.018778777310720373,0.0013307056114569772,0.002550441805618613,0.0037936495275295475,0.005756950900765265,0.00827589849126105,0.016400540300785187,0.023110586754442716,0.03806095449339243,0.060918555194701234,-0.0013544682606932991,-0.002590602987023763,-0.0038279757744970203,-0.0057678141470757244,-0.008172086269749761,-0.01442816194090942,-0.020925669978110562,-0.0294454070589773,-0.037666891863716336,0.8267463235294118,0.6852022058823529,0.5464154411764706,0.008042279411764705,0.14154411764705882,0.13878676470588236,519.1364647026126,222,970.247149564051,776.5,1306.0681244743482,1162,2716.4,2841
ASTERUSDT,OutOfSample,positive,0.026019923857868,0.0026019923857868,125,1,124,0.008,125,4.166763119516656,-0.0002763308246553885,-0.00022180450928758512,0.00031029985991897234,0.0002577127728192909,-0.00038943201369547633,-0.00031925968572038104,0.00043639845252091305,0.0003655895582797896,0.0003278071718955786,-0.008237634224788171,-0.032845802882671284,0.0034537809523358057,0.0050951780473060026,0.19173510099388347,0.2765510983503238,0.3588000000000002,0.3324800000000001,0.32252631578947355,0.30497959183673484,0.000029796540634523973,-0.0005390280273453119,-0.0004805628248667171,-0.0006162939028727257,-0.00014054888598761828,0.00019319563372741745,0.00670166671775417,0.01412208048726356,0.004571227911140724,0.0039117336854091215,0.005865270327275528,0.007506865101168998,0.010675321799494748,0.013734319463091144,0.025601169170564785,0.03634776208534193,0.07019883426748776,0.08959474418577211,-0.00405235910805243,-0.006928975431239543,-0.008395465473853623,-0.01300655527923922,-0.016643709833704504,-0.023607602825468286,-0.03076198558357957,-0.04440471270639061,-0.056335952652082584,0.944,0.88,0.616,0.12,0.064,0.264,257.1271186440678,56.5,477.40909090909093,157.5,693.7012987012987,440,697,680
DOTUSDT,OutOfSample,flat,0,0,162,0,162,0,162,5.400125002893586,-0.00029757728631118753,-0.0002548872256693016,0.00032638281600889094,0.0002425424821409618,-0.00029689398058797405,-0.00025813551877333066,0.0003252195175688228,0.00024283658261674683,0.0007176835796501042,-0.006749137893156707,-0.023226359927812027,0.0021495603552569623,0.0025304412767145723,0.2333514298344084,0.3002447794878856,0.31327160493827133,0.29061728395061726,0.2849252761533465,0.2781557067271352,0.0007895358798356498,0.0013665031984761097,0.0022403504004089763,0.0022350066887901966,0.0006394799614859667,-0.0014416047785542625,0.010773246326703047,0.014059411690156341,0.02672586725473541,0.003238898028345608,0.005528093498657902,0.00828731351232496,0.011098296520976181,0.014046318784471268,0.021513834506097822,0.040821975247596044,0.06540389544764595,0.09907123383847136,-0.0026763718670799914,-0.004058628367264506,-0.00564081743871488,-0.007918255985683837,-0.011167750721030241,-0.020728264786536978,-0.027226206433167616,-0.042153618422090776,-0.04850167429548428,0.845679012345679,0.6604938271604939,0.5,0.19135802469135801,0.18518518518518517,0.16049382716049382,166.5036496350365,46,421.95327102803736,348,794.7283950617284,650,1945.3548387096773,2111
TRUMPUSDT,OutOfSample,negative,-0.15924542743538672,-0.0017693936381709635,1656,9,1647,0.005434782608695652,1656,55.201277807356654,-0.00064143238327912,-0.000404887218816832,0.0006720355264612289,0.00039494218977735937,-0.00027167186840857836,-0.00017698137432863175,0.00028254769810218984,0.00017271485429264788,-0.00019811149763427987,-0.006025489971097155,-0.02090623670217066,0.002391966211438513,0.002720657430142845,0.18008001797542697,0.22484592171610027,0.40099637681159295,0.3865217391304327,0.4210208492245098,0.40635167110323045,-0.000007929535909945296,0.0010905173958632918,0.0007684241289444762,-0.00039711018732396477,-0.00014635186297997876,0.0005975156171519057,0.009429913655786017,0.015552626102585116,0.023036991747686444,0.004083281731344067,0.00775782452510602,0.011096507826281717,0.014696559280605854,0.020586254250167236,0.039021996143432484,0.06490386584026078,0.10089589376652357,0.1579829429436085,-0.004741719637700174,-0.007977116656322515,-0.011690809583601663,-0.01647173187863244,-0.022130635963505604,-0.03313947990501257,-0.04590628422672107,-0.06095683936381053,-0.07964950431747499,0.9112318840579711,0.7433574879227053,0.5501207729468599,0.35144927536231885,0.1678743961352657,0.1932367149758454,201.86017229953612,53,432.0828594638505,158,636.702524698134,342,1453.118556701031,1315.5
ETHFIUSDT,OutOfSample,flat,0,0,121,0,121,0,121,4.033426699692122,-0.00024140247487126323,-0.00022112782358554365,0.0002266979686760763,0.0002014969326520836,-0.00041917526842045046,-0.00038020816741539046,0.00039152415965801226,0.00035233271551894895,0.00024610021007362263,-0.009860786558738437,-0.030087519481886798,0.002543097141967143,0.0026581934461059812,0.28119744799925295,0.33857603157256966,0.3793388429752066,0.382148760330579,0.4515006524575903,0.46567717996289393,0.00016351637235733634,0.0009284786966777465,0.002296874217751064,0.003659276943724182,0.01251913607846033,0.01405942731780705,0.02008967992136561,0.02010991257043959,0.02765394955942404,0.0039413242061217876,0.008135966640626956,0.011683621555838854,0.016282032867949412,0.029977880819591962,0.038885329864786045,0.050917023256252886,0.07028791828404388,0.09554868119373286,-0.004193446269991616,-0.007500167789076895,-0.010551096407985353,-0.012683613860306111,-0.01455314692492806,-0.01940698230142898,-0.030896808012451857,-0.04414454844768528,-0.05746105847263252,1,0.9834710743801653,0.7355371900826446,0.08264462809917356,0.01652892561983471,0.24793388429752067,277.88429752066116,29,378.0420168067227,157,640.2921348314607,606,1690.1,1854
METUSDT,OutOfSample,positive,0.17979999999999996,0.017979999999999996,5,1,4,0.2,5,0.1666705247806662,-0.00017485714257906208,-0.00016150375899042218,0.00016839375784961176,0.0001607370953403667,-0.0007815933288079826,-0.0007248822216805304,0.0007534697184695398,0.0007214411819585579,0.00003372963121879291,-0.020290476140930803,-0.05787863988906452,0.007185236238281703,0.007677514890078531,0.23862895341367177,0.33623994624204523,0.49000000000000005,0.392,0.4631578947368421,0.4326530612244898,0.0021068855816022357,0.00023621258309483028,-0.004267257954700021,-0.00007941120607084518,0.03057616847136917,-0.025319435531552248,-0.017529315828437177,-0.039283822257410714,0.013398522097973898,0.006366679314055146,0.010491001390072485,0.014949320094943808,0.016907486539091597,0.043891214674630065,0.052478034203080705,0.052478034203080705,0.052478034203080705,0.07946962219357316,-0.0034095067764248867,-0.008544810667141634,-0.02061472118081218,-0.020988378350359115,-0.02481836433821527,-0.04007224713390132,-0.05039550995827071,-0.06759591137752781,-0.07405910706873067,0.6,0.6,0.6,0,0,0,7.333333333333333,9,42.666666666666664,30,119.33333333333333,98,0,0
AAVEUSDT,OutOfSample,positive,4.23979032319625,0.007851463561474538,4276,54,4222,0.012628624883068288,4276,142.53663279242576,-0.010839393779683586,-0.006890977365026054,0.010780669062802487,0.006277323595260972,-0.00009043796135540113,-0.000060576879767242805,0.00008921057949482524,0.00005483318341781812,0.000034918932463875794,-0.0019233207045022077,-0.006961505662138408,0.0009285924696456096,0.000994707764983183,0.165781087241494,0.1920448628541657,0.4209424695977576,0.40706735266605415,0.46349268869085797,0.44454095950820377,-0.00004507903145309511,0.0001467018252829197,0.0005079865275849967,0.0007838377682949399,0.0016699759201362456,0.002845415424469208,0.0058671288228607866,0.010460294046194167,0.02116414680204481,0.0015271198164464052,0.0029338499621550207,0.00441123867509236,0.0063863364387878345,0.009632809714417179,0.01763120007402392,0.02566169320937787,0.040037557564550484,0.06143660672880619,-0.0016330422029443461,-0.0030340945955249837,-0.0042466798114894205,-0.005980365575640277,-0.008414453780282046,-0.013857589086484495,-0.018103035490929904,-0.025029985255779295,-0.032913096948490546,0.8344246959775491,0.6398503274087932,0.44434050514499535,0.020813844714686624,0.19457436856875585,0.19550982226379796,372.61995515695065,169,739.8051900584795,464,1114.0431578947369,1051.5,1946.3595505617977,2187
SPCXBUSDT,OutOfSample,negative,-1.058746592083142,-0.0015802187941539433,4167,67,4100,0.016078713702903768,4167,138.90321535220724,-0.006572720118959877,-0.0030451127799504428,0.007111787692087695,0.0029591710890999653,-0.00004642011434932245,-0.000021578861829375066,0.00005028211077692389,0.000020766343842292062,-0.00003617875218902861,-0.0010778336779915239,-0.0038926424852184917,0.0004965299772637448,0.0005570451214326283,0.16978622384897865,0.19455377599797663,0.3836813054955599,0.37230141588673293,0.39862074191959107,0.3833717792372379,-9.344765869274743e-7,0.00017359973790662827,0.00037455945932871943,0.0006571504799290499,0.000996992445578305,0.0017407404674882265,0.002600751867033423,0.0031849459478227927,0.004381174863201753,0.0007650133731682512,0.0015709270534150044,0.0024782982049575586,0.00374117218026033,0.005502628062558678,0.010183471401119738,0.014424960549626524,0.02207983025029585,0.02973029542104275,-0.0007815585722229853,-0.001452583042076911,-0.00208825505851029,-0.002997016050612329,-0.004324214526729152,-0.008247605543721134,-0.011919288144369159,-0.018693346021074697,-0.02497395505423513,0.8327333813294936,0.6121910247180226,0.20806335493160547,0.0026397888168946484,0.2205423566114711,0.40412766978641707,849.8893371757925,638,1110.5288122304978,957,1213.726643598616,1118,2798.3636363636365,2807
ONDOUSDT,OutOfSample,flat,0,0,4,0,4,0,4,0.13333641982453298,-0.0004802819553064306,-0.00032251879742754093,0.0003213699056472481,0.00016011979507289634,-0.0012606202586923022,-0.0008498280611424155,0.000844033894105449,0.0004268878062394085,0.006848118449164886,-0.0485679620550771,-0.06318773045697029,0.018682026344193192,0.012650391754842363,0.24797476244679545,0.2780656434113521,0.4625,0.43999999999999995,0.3684210526315789,0.4030612244897959,-0.004063512768245042,0.0058295846961302356,0.010574728440691683,0.014139941997281136,0.005640022454836413,-0.018853040408822186,-0.00041563680516928936,-0.020924846291419302,-0.0036306459771854593,0.007742532154206561,0.009962650700173048,0.017514796005184796,0.020181088455367202,0.02667181829170029,0.02667181829170029,0.03243068495231349,0.04148204616477491,0.04527098806766572,-0.007741592983090684,-0.009052291350066743,-0.009543450485626631,-0.010593870653693854,-0.013891653421024802,-0.03654808933606021,-0.037073299420093825,-0.05499184927821521,-0.0590622274294757,1,1,0.5,0,0,0.5,33.75,31.5,210,48.5,706.5,706.5,0,0
THEUSDT,OutOfSample,flat,0,0,0,0,0,0,0,0,0,0,0,0,0,0,0,0,0,0,0,0,0,0,0,0,0,0,0,0,0,0,0,0,0,0,0,0,0,0,0,0,0,0,0,0,0,0,0,0,0,0,0,0,0,0,0,0,0,0,0,0,0,0,0,0,0,0,0,0
POLUSDT,OutOfSample,flat,0,0,0,0,0,0,0,0,0,0,0,0,0,0,0,0,0,0,0,0,0,0,0,0,0,0,0,0,0,0,0,0,0,0,0,0,0,0,0,0,0,0,0,0,0,0,0,0,0,0,0,0,0,0,0,0,0,0,0,0,0,0,0,0,0,0,0,0
APTUSDT,OutOfSample,positive,0.05521301482701779,0.005521301482701779,86,1,85,0.011627906976744186,86,2.866733026227459,-0.0002373666713952838,-0.00021240601397087296,0.00027470736838364066,0.00021240222700890594,-0.0003958204662302215,-0.0003522209610892376,0.0004516405839905833,0.0003580901963485118,0.0004943891597725164,-0.00793947058374396,-0.033603578125792045,0.0026848312811123634,0.003403902218172452,0.22961322294768108,0.36805251418773166,0.29186046511627894,0.24255813953488367,0.22215422276621785,0.19719981015662086,0.0019004009119391403,0.003250133387492906,0.002712469032783243,0.007032784120891547,0.0028653161285841396,-0.004493466591301894,-0.005285868290473825,-0.007441364255073233,-0.004176831949816184,0.004601696130182888,0.007578174387316842,0.0092251830745407,0.01223794453395366,0.014717379026545073,0.017222416400543443,0.021833737007227894,0.027455982331749854,0.03966363459537672,-0.003703749307152598,-0.005153673086067459,-0.007031030063574008,-0.00811010023620082,-0.009723682751800095,-0.019433554075854186,-0.026945006553284665,-0.040520269544016475,-0.04251558880289108,0.8488372093023255,0.5930232558139535,0.32558139534883723,0,0.2558139534883721,0.26744186046511625,144.97260273972603,42,615.6470588235294,130,1000.8571428571429,1019.5,0,0
FETUSDT,OutOfSample,flat,0,0,2,0,2,0,2,0.06666820991226649,-0.00018571428570630832,-0.00018571428570630832,0.00027900840338231374,0.00027900840338231374,-0.00112860657475306,-0.00112860657475306,0.0016947560534150159,0.0016947560534150159,0.005814709886969527,-0.04477964482069441,-0.09961817596261152,0.01678043208649555,0.01828534995171717,0.13838697031255712,0.2461171721898889,0.45,0.41000000000000003,0.3157894736842105,0.40816326530612246,0.00578767476383113,0.007025660298986491,0.01094822670582396,0.02250879431664865,0.024919724952873423,-0.009704328403933538,0.0012246818100014045,-0.05227698799227937,0.00942624359342481,0.015496437742816171,0.02582493258522056,0.02612962484603709,0.030395316497469183,0.038911917883495684,0.038911917883495684,0.038911917883495684,0.038911917883495684,0.038911917883495684,-0.00486177244791125,-0.006984270931840952,-0.010622839761434633,-0.010622839761434633,-0.010622839761434633,-0.04497915564951932,-0.04497915564951932,-0.074766565817039,-0.074766565817039,1,1,0.5,0,0,0.5,3,3,6.5,6.5,78,78,0,0
XPLUSDT,OutOfSample,flat,0,0,0,0,0,0,0,0,0,0,0,0,0,0,0,0,0,0,0,0,0,0,0,0,0,0,0,0,0,0,0,0,0,0,0,0,0,0,0,0,0,0,0,0,0,0,0,0,0,0,0,0,0,0,0,0,0,0,0,0,0,0,0,0,0,0,0,0
INJUSDT,OutOfSample,positive,2.111644872167153,0.007281534041955699,2617,29,2588,0.01108139090561712,2617,87.2353526702007,-0.0007244807673810925,-0.0005015037614755688,0.0007176227378076787,0.0004942200013291797,-0.00014040336162458476,-0.00009955148657760356,0.000138727068601136,0.00009863197767569569,-0.00007335672308794307,-0.0031110475461421454,-0.01078344729025742,0.001223524578015467,0.0013633841827402555,0.18823167958569825,0.22559452780870642,0.39359954145968645,0.38516622086358526,0.43251613941234435,0.4165464428033417,0.0002870355759565194,0.0007530389743648024,0.0016486980903920355,0.0014957070662929815,0.0023486566635039924,0.003943666484027038,0.005935677694337136,0.008242798539365182,0.016023494174165244,0.0022303640453962127,0.004245157477034565,0.006372202576178744,0.00866226575873157,0.0119681777897255,0.020758605243895455,0.030308111083563415,0.044212004714340766,0.06986046385607193,-0.002118003381527653,-0.0037157347984962015,-0.004882332737409287,-0.006818897381091836,-0.009873213383756923,-0.01664811921243318,-0.02380829918862182,-0.03188757047847276,-0.044272983997993294,0.8597630875047765,0.7015666794038976,0.492166602980512,0.027130301872372947,0.15819640810087887,0.20940007642338557,237.0551111111111,94,546.8311546840958,289.5,954.664596273292,698.5,2115.0281690140846,2098
NVDABUSDT,OutOfSample,negative,-0.38973517562196713,-0.0005489227825661509,3813,71,3742,0.018620508785733018,3813,127.10294219773606,-0.008070885401381516,-0.0038947369905339233,0.00776225419512468,0.0037570860881497026,-0.000036415907105471916,-0.000017621904093722467,0.00003525261325988498,0.00001693706625755665,-0.000041449364445928936,-0.0008205336350592124,-0.002853896047913156,0.0003310601635650927,0.0003702049401524011,0.21369545024550543,0.2231394163523104,0.29446629950170433,0.287054812483609,0.27469736497025005,0.25996456804594253,-0.000010595186044552266,0.000012940210872092769,-0.00005371126840954839,0.000024149217265482713,-0.00001960604268563953,-0.00004147530516729989,-0.0005792776727460704,-0.0006749822788961888,-0.0001641237263884924,0.00044781673934958066,0.000913501073909054,0.0013888065211395723,0.0019941849998987952,0.002933059214481781,0.0054220630498685194,0.007966198409753886,0.012571772087625735,0.01878595952938295,-0.00046194703350711997,-0.0008869909673658815,-0.0014571072161383934,-0.0020975741533615735,-0.0031060970158047663,-0.005633532966183548,-0.008568264789110418,-0.013119670691060977,-0.01849854761094415,0.5691056910569106,0.26435877261998425,0.1778127458693942,0,0.3047469184369263,0.08654602675059009,1042.1230414746544,884.5,1095.438492063492,1050.5,1525.2713864306784,1603.5,0,0
JUPUSDT,OutOfSample,flat,0,0,3,0,3,0,3,0.10000231486839974,-0.0002564160395368481,-0.00022398496151028558,0.00022853474079897722,0.0002596138243805212,-0.001088511312178123,-0.0009820910690765629,0.0009893677331482833,0.0010927214307081324,0.007715115328851274,-0.0454909254504785,-0.06311593043627743,0.009302281636607188,0.007302686256112664,0.39102460355493895,0.36348261607376914,0.4333333333333333,0.42,0.2982456140350877,0.40816326530612246,-0.0033791904731223323,-0.0034392989295824647,0.0018743845076602355,0.011661788159826028,0.024007871115718487,0.013544835486514454,-0.007259126770891355,-0.016418116522713227,-0.016273092203652695,0.0030067158841435107,0.0045046219485695245,0.006442837825923438,0.015076320961195119,0.02844093492710546,0.034916047278559015,0.04462871580573954,0.04462871580573954,0.052934098332492484,-0.005870643049180206,-0.006005595815711917,-0.00677931497613841,-0.00677931497613841,-0.00677931497613841,-0.017320762029324827,-0.01979944408332272,-0.030262323913204048,-0.05805134775485946,1,1,1,0,0,0,64.33333333333333,50,77,68,880.3333333333334,245,0,0
PENGUUSDT,OutOfSample,flat,0,0,0,0,0,0,0,0,0,0,0,0,0,0,0,0,0,0,0,0,0,0,0,0,0,0,0,0,0,0,0,0,0,0,0,0,0,0,0,0,0,0,0,0,0,0,0,0,0,0,0,0,0,0,0,0,0,0,0,0,0,0,0,0,0,0,0,0
MSTRBUSDT,OutOfSample,positive,1.2046467261945655,0.003170122963669909,4199,38,4161,0.00904977375565611,4199,139.96990671080349,-0.010520086368564866,-0.005706767172734708,0.009119383161478003,0.005407569344619519,-0.00008613038627047737,-0.00004778602938715342,0.00007480382707372776,0.00004541295352378017,-0.00001757997690615178,-0.0018237687641414868,-0.006326231005510343,0.0008306519303930097,0.0008923858352461611,0.18188312072149362,0.20014777643890846,0.3713026911169334,0.36054774946416374,0.3857685413820323,0.36479045059317894,-0.000003865672096182737,0.000019629339068109684,0.0002635391625419129,0.00025574398608525713,0.0006628503449866706,0.003454374923286735,0.004519449075565434,0.011515374568812405,0.02462977486351952,0.001254676117156678,0.0024057799363512507,0.003688318526042966,0.00576584628281023,0.008006172546786067,0.016619714220008686,0.026019065031762566,0.042383101563619296,0.07069771456752913,-0.0013365731938914682,-0.002572107820257429,-0.003733838555885247,-0.00552237638257354,-0.007924381741582776,-0.013275775905621508,-0.02017381809631314,-0.027407593586909796,-0.03428814453551051,0.8623481781376519,0.7063586568230531,0.47035008335317935,0,0.1559895213145987,0.23600857346987378,571.4493233913283,257,989.996291301416,709,1255.8248101265822,1106,0,0
SOPHUSDT,OutOfSample,flat,0,0,0,0,0,0,0,0,0,0,0,0,0,0,0,0,0,0,0,0,0,0,0,0,0,0,0,0,0,0,0,0,0,0,0,0,0,0,0,0,0,0,0,0,0,0,0,0,0,0,0,0,0,0,0,0,0,0,0,0,0,0,0,0,0,0,0,0
FILUSDT,OutOfSample,flat,0,0,157,0,157,0,157,5.233454478112919,-0.00024642785211846245,-0.00020699248104573824,0.0003161343856656903,0.00020962835683299632,-0.00033833987754478413,-0.0002820482974392101,0.00043959902194131616,0.00028516893453091574,-0.00010575002358595484,-0.007186121132539933,-0.030909966794691688,0.00253243800658783,0.0036441681688310318,0.20786616305154523,0.33611380547532005,0.4343949044585989,0.39745222929936347,0.5179349648005365,0.47081762641362324,0.0002601527911957724,0.0013360277449385911,0.0010710084450003285,0.001623318287923392,0.0007381690010368735,0.006917285434325026,0.009844580309684277,0.014434696546430367,0.022794099646581266,0.0032789309677478343,0.005294421871826672,0.007611174130099793,0.009727170222434712,0.011971556487145589,0.019966125374367084,0.027566398138428844,0.04227315995309326,0.08466275697997544,-0.0036293388126210167,-0.005152731600803137,-0.007174184806898035,-0.009637040670861399,-0.0116444750280633,-0.017318437806321783,-0.020976454395883467,-0.02761970735917027,-0.03614253692440609,0.8726114649681529,0.7133757961783439,0.6114649681528662,0,0.1592356687898089,0.10191082802547771,273.62773722627736,146,531.3482142857143,345.5,1108.6145833333333,854,0,0
GRAMUSDT,OutOfSample,negative,-0.7951502031049242,-0.015903004062098484,257,5,252,0.019455252918287938,257,8.566864973726243,-0.0003100172651419334,-0.00024812030600207123,0.00030691483077191435,0.00024616035541018494,-0.00022047577063620877,-0.00017773660888400518,0.0002173973040660932,0.00017030776745458566,0.00008378980671907214,-0.004642296169201068,-0.016493146808524414,0.0015220290080011428,0.0018245369316639934,0.2332380588533538,0.29549875538226134,0.3161478599221786,0.3033463035019454,0.2967438050378862,0.2946081156197889,0.0009853786875386047,0.001973457336945185,0.0026991050424234955,0.0022851496750353464,0.001406922323664392,0.001969333168232308,0.0017623517166406725,-0.001528784181747156,0.00001697567690920587,0.0027194789314455084,0.004946982367883037,0.006447672368589113,0.008392351526996255,0.010072841731961279,0.014696400818386943,0.020963972119350298,0.03005791646971053,0.03599903483453117,-0.0017798588112871911,-0.002816334479174637,-0.0036399373365390273,-0.0046723330740962325,-0.006618962777102806,-0.012693917446960912,-0.017006933303086808,-0.02401584901880353,-0.029808867159394375,0.7821011673151751,0.5680933852140078,0.4046692607003891,0,0.2140077821011673,0.16342412451361868,291.5422885572139,99,674.7739726027397,437,1053.0192307692307,994.5,0,0
SOXLBUSDT,OutOfSample,negative,-6.357173248228543,-0.010090751187664355,4048,63,3985,0.015563241106719368,4048,134.93645686242738,-0.01574795369359048,-0.00763157965185399,0.01421639002978939,0.007238345273510334,-0.00012986893255162077,-0.00006366151038962123,0.00011773951120281884,0.000060367275393420165,-0.000005200890232513941,-0.002727477660459377,-0.009780571256813184,0.001218470150538655,0.0012968496357668362,0.21925391715016693,0.23812439578913802,0.329076086956525,0.31667490118577385,0.31542542126066037,0.3037478825522228,0.0000035198851044105477,-0.0000981680344607602,-0.00016504914653943682,-0.00009417556574395192,0.00039701165796126095,-0.0010166516000600066,-0.0030599266024738626,-0.004411980877040718,-0.009275612508645592,0.0017096109641046898,0.0032546960001768616,0.005100955021706707,0.00737796625521599,0.010552321470320373,0.017596388493509956,0.024398420792833084,0.03554320088406775,0.04882425198160708,-0.0017759647888334527,-0.0035858615193507604,-0.005468957187121498,-0.007837052968837079,-0.011142303351061394,-0.02141265284334076,-0.03088774555996711,-0.04469334911867971,-0.061744338038224225,0.8653656126482213,0.7280138339920948,0.44762845849802374,0.15563241106719367,0.1373517786561265,0.28038537549407117,493.9757350842135,192,775.7838479809976,460,954.7632450331126,773.5,1460.3380952380953,1504.5
IOSTUSDT,OutOfSample,flat,0,0,0,0,0,0,0,0,0,0,0,0,0,0,0,0,0,0,0,0,0,0,0,0,0,0,0,0,0,0,0,0,0,0,0,0,0,0,0,0,0,0,0,0,0,0,0,0,0,0,0,0,0,0,0,0,0,0,0,0,0,0,0,0,0,0,0,0
QQQBUSDT,OutOfSample,negative,-1.790808112335525,-0.002984680187225875,4197,60,4137,0.014295925661186561,4199,139.96990671080349,-0.012265170213946033,-0.006751881809204929,0.012078259720175432,0.006793947050769788,-0.0000171337236076833,-0.000009449041931753589,0.000016880970542172584,0.000009473874361572686,-0.000020442863751408544,-0.000385733105801134,-0.0013740380166268838,0.00016452136716984565,0.00018106198096483258,0.23852333312069784,0.24373654914274145,0.30565610859728687,0.2946368182900699,0.2865469221995189,0.2691068330166014,-0.0000036178859027599804,-0.000008947846698930861,0.00002995237046057703,0.000058751414490628676,0.0001889710695953662,0.0002802531670780373,0.0000637249171552911,-0.000046186199921791966,-0.00037297207734954247,0.00023583886664120074,0.00046893937010723206,0.0007239514889920694,0.00108331502751028,0.0015673282010385367,0.0026721560340374553,0.0036921294900418822,0.00529256405782696,0.007114717940772028,-0.00023712987469495903,-0.0004974422028594577,-0.0007380783117184797,-0.0010592936909225468,-0.001450311082770153,-0.0025635098139863205,-0.0037161211577446426,-0.005308140314243341,-0.007573226862296098,0.22171945701357465,0.02857823291259824,0,0,0.19314122410097642,0.02857823291259824,1276.9087003222342,1107,2475.5333333333333,2557,0,0,0,0
SAGAUSDT,OutOfSample,flat,0,0,0,0,0,0,0,0,0,0,0,0,0,0,0,0,0,0,0,0,0,0,0,0,0,0,0,0,0,0,0,0,0,0,0,0,0,0,0,0,0,0,0,0,0,0,0,0,0,0,0,0,0,0,0,0,0,0,0,0,0,0,0,0,0,0,0,0
AEROUSDT,OutOfSample,flat,0,0,62,0,62,0,62,2.066714507280261,-0.00023477322498681615,-0.00019300751975644156,0.00024369960923000734,0.0002001184676899895,-0.00042083387148106577,-0.00035965590570121423,0.00043882147020144776,0.0003590152470475875,0.0002693137126222394,-0.01048212930392291,-0.03132716751580915,0.002660509388067774,0.0030146027051292505,0.2844739822420604,0.359698278523611,0.3879032258064517,0.37645161290322593,0.4516129032258063,0.4364713627386438,0.0009346301890865716,0.0021286932612155857,0.0031394490026364435,0.004018592215031179,0.0005183523852647069,-0.00033351249191498363,-0.012097217461473542,-0.031744912522349546,-0.0467603351989932,0.004129383508013845,0.006726309710212563,0.010678328569134244,0.015347551826426931,0.018982212980174003,0.028282770488482566,0.030894074819995457,0.03452190020918553,0.036119050972215246,-0.0032929199784478298,-0.004649174680204842,-0.006171842480076788,-0.00931212817789487,-0.015624097342843467,-0.025045009087356556,-0.035302108646699706,-0.05359565358698668,-0.07694484704769071,0.7258064516129032,0.5483870967741935,0.20967741935483872,0.20967741935483872,0.1774193548387097,0.3387096774193548,243.6888888888889,41,402.79411764705884,148.5,299.0769230769231,74,1695,1561
BLURUSDT,OutOfSample,flat,0,0,0,0,0,0,0,0,0,0,0,0,0,0,0,0,0,0,0,0,0,0,0,0,0,0,0,0,0,0,0,0,0,0,0,0,0,0,0,0,0,0,0,0,0,0,0,0,0,0,0,0,0,0,0,0,0,0,0,0,0,0,0,0,0,0,0,0
ZROUSDT,OutOfSample,positive,0.3595999999999995,0.017979999999999975,656,2,654,0.003048780487804878,656,21.86717285122341,-0.0003128610320925735,-0.0002537593893991737,0.0003526160854761449,0.00027118026663423996,-0.0002859982766384728,-0.0002342394364782129,0.00032097346000975257,0.00024894988610780534,-0.00041185035834821293,-0.0070352061541003935,-0.0236074408325524,0.002234380912456859,0.002515575470817182,0.23420153057127865,0.2958307384030887,0.3296493902439032,0.3124085365853658,0.3363286264441614,0.30658909905425585,0.0004092910243637295,0.0009867227661762628,0.0013280486478313641,0.0037065390339001895,0.0021403838874926424,0.004735030775424947,0.004230043551436011,0.014462940532575878,0.012939250021014424,0.003515189550008047,0.006609547463560676,0.009819567262436423,0.01586726393597346,0.02192937245227029,0.034775770482295396,0.05063029030949973,0.07953258942423062,0.10830003959338089,-0.0032336049861488,-0.005779795569077843,-0.008453181638251778,-0.011800777024381088,-0.01646842652857936,-0.02547870928121121,-0.03738369952628719,-0.054772037771359826,-0.0665490626122692,0.9359756097560976,0.8475609756097561,0.635670731707317,0.18597560975609756,0.08841463414634146,0.21189024390243902,215.83876221498372,48,433.50359712230215,178.5,853.4052757793766,511,1498.0409836065573,1366.5
MINAUSDT,OutOfSample,flat,0,0,0,0,0,0,0,0,0,0,0,0,0,0,0,0,0,0,0,0,0,0,0,0,0,0,0,0,0,0,0,0,0,0,0,0,0,0,0,0,0,0,0,0,0,0,0,0,0,0,0,0,0,0,0,0,0,0,0,0,0,0,0,0,0,0,0,0
TUTUSDT,OutOfSample,flat,0,0,11,0,11,0,11,0.3666751545174657,-0.0002172727272643644,-0.0002122406014881147,0.00020438961039601953,0.0001847621406462241,-0.003439249680794418,-0.0034595045067337357,0.003227808639463552,0.0032277676796557265,0.003856735939321777,-0.06692462837464569,-0.19657908384925948,0.01783794479996136,0.016209093199157608,0.2675349529642459,0.4017184097617655,0.4727272727272727,0.3981818181818182,0.45454545454545453,0.43042671614100186,0.00629735738035569,0.009887725197399576,0.04811207396379666,0.02100803694722915,-0.0035838715683728095,-0.012857144080218309,-0.1058063858465049,-0.22688668619531935,-0.35357258619970605,0.02350837868924972,0.036208738120186164,0.07218257786504774,0.08616397187208086,0.08660607846520595,0.12367897726717098,0.12367897726717098,0.12367897726717098,0.1589225251785851,-0.01090829193531052,-0.0187230657918344,-0.023347956955760307,-0.02791673058382683,-0.05176014168248904,-0.122248700457392,-0.15389468517614982,-0.3060091762210286,-0.42048173613218065,0.9090909090909091,0.8181818181818182,0.6363636363636364,1,0.09090909090909091,0.18181818181818182,2.2,1,3.7777777777777777,2,19.714285714285715,24,700.6363636363636,744
REZUSDT,OutOfSample,flat,0,0,0,0,0,0,0,0,0,0,0,0,0,0,0,0,0,0,0,0,0,0,0,0,0,0,0,0,0,0,0,0,0,0,0,0,0,0,0,0,0,0,0,0,0,0,0,0,0,0,0,0,0,0,0,0,0,0,0,0,0,0,0,0,0,0,0,0
ICPUSDT,OutOfSample,flat,0,0,1255,0,1255,0,1255,41.83430171994722,-0.0004253164782070109,-0.0003135338344384907,0.0004101691042157635,0.0003066443420191143,-0.00016495307761635607,-0.00012398342773192817,0.00016031181389357407,0.00012379909445533826,-0.00004795364943028958,-0.003727466539617356,-0.012684383897842095,0.0014051062617102532,0.001512566750848265,0.1950172634211028,0.24317700940707926,0.36545816733067726,0.35090039840637327,0.3822604319563854,0.3707130661029338,0.00018005169467672988,0.00043702975358658654,0.0010806993046351457,0.001983767743714,0.003738818532789173,0.006513684780270895,0.007336145183934926,0.00884430023208513,0.015638890055266197,0.002124703846778499,0.003769094386447144,0.005443507446213447,0.008665662382351627,0.012995801246931208,0.022343275762110808,0.030900651388209004,0.04347618311049403,0.06273455461543469,-0.002102947074903475,-0.0036928355751114166,-0.004874896722799736,-0.006944249974726816,-0.009383674534471762,-0.014325222143322859,-0.02059891066208984,-0.028895644166532796,-0.037972867422361056,0.8884462151394422,0.8143426294820717,0.6087649402390438,0.02549800796812749,0.07410358565737052,0.20557768924302788,339.3506726457399,97,614.8277886497065,323,1085.247382198953,843.5,1266.65625,863.5
MORPHOUSDT,OutOfSample,positive,2.0610158762057993,0.014721541972898567,1420,14,1406,0.009859154929577466,1420,47.33442903770921,-0.0004970729616422356,-0.0003560150352031518,0.0004719484296782227,0.0003389486347612903,-0.0002018240995056938,-0.00014652909527353234,0.00019241019618467932,0.00013816969824725152,-0.0002110643052525544,-0.004382998574535607,-0.01590235710113214,0.0015011940612591622,0.0017077862529362145,0.21275020091637703,0.2737141638362218,0.3598943661971834,0.3397746478873221,0.3786137879911032,0.3495688416211544,-0.000004816478435738029,-0.00017514080513308703,0.0002962771162187908,0.00016831451146039617,0.000022895554193295174,0.0009653266358470458,0.002236291231316141,-0.0009603409075660111,0.014198622012696673,0.002389234765507019,0.004319089891173652,0.006335393713488554,0.009387161954782917,0.01362097869988341,0.02391666213534895,0.035950375627806626,0.04722968190581749,0.0742571317973004,-0.0025854835389909525,-0.004864211946011308,-0.006599832582100581,-0.009368665458230677,-0.013433225084425966,-0.02222010353473563,-0.03142272275067383,-0.041929455995592134,-0.05323237439058251,0.9070422535211268,0.8345070422535211,0.6330985915492958,0.10704225352112676,0.07253521126760563,0.20140845070422536,285.09549689440996,96,525.6911392405063,303,986.4916573971079,718,1460.4473684210527,959
CHIPUSDT,OutOfSample,flat,0,0,0,0,0,0,0,0,0,0,0,0,0,0,0,0,0,0,0,0,0,0,0,0,0,0,0,0,0,0,0,0,0,0,0,0,0,0,0,0,0,0,0,0,0,0,0,0,0,0,0,0,0,0,0,0,0,0,0,0,0,0,0,0,0,0,0,0
