strengthDefinition,target,quintile,signalCount,reachedCount,hitRatePct,strengthMin,strengthMedian,strengthMax,timeMeanMinutes,timeMedianMinutes,timeP75Minutes,timeP80Minutes,timeP90Minutes,deadline60mHitRatePct,deadline120mHitRatePct,deadline360mHitRatePct,deadline720mHitRatePct,deadline1440mHitRatePct,deadline2160mHitRatePct,deadline2880mHitRatePct
normalisedAcceleration,1pct,1,23151,14497,62.619325299123155,4.137805153376911e-9,0.000005864710435310489,0.000012931942566323862,916.6149548182383,692,1479,1710.800000000001,2181.3999999999996,4.444732408967216,8.725325039955077,21.567102932918665,32.08068765928038,46.460196103840005,56.03213684074122,62.619325299123155
normalisedAcceleration,2pct,1,23151,9672,41.777892963586886,4.137805153376911e-9,0.000005864710435310489,0.000012931942566323862,1188.1851736972706,1028,1894,2087.8,2440,0.9330050537773746,2.2763595525031315,8.68644982938102,15.843808042849123,26.067988423826183,34.15835169107166,41.777892963586886
normalisedAcceleration,4pct,1,23151,5209,22.500107986696037,4.137805153376911e-9,0.000005864710435310489,0.000012931942566323862,1368.3914378959494,1307,2032,2170,2510,0.12526456740529565,0.4492246555224396,2.583041769254028,5.883115200207334,12.185218781046176,17.91715260679884,22.500107986696037
normalisedAcceleration,1pct,2,23151,16682,72.05736253293594,0.000012932271134746583,0.000021693686389122247,0.000032604333349489385,662.7308476201895,374,995,1196,1827,8.902423221459117,16.059781434927217,35.35484428318431,48.114552287158226,60.977927519329626,68.02297956891711,72.05736253293594
normalisedAcceleration,2pct,2,23151,12461,53.82488877370308,0.000012932271134746583,0.000021693686389122247,0.000032604333349489385,1015.3122542332076,796,1615,1810,2294,1.762342879357263,4.392898794868472,15.057664895684852,25.42870718327502,37.89901084186428,46.892142887996194,53.82488877370308
normalisedAcceleration,4pct,2,23151,7637,32.98777590600838,0.000012932271134746583,0.000021693686389122247,0.000032604333349489385,1286.539609794422,1198,1937,2122,2473,0.23325126344434366,0.9761997321929939,4.7039004794609305,10.159388363353635,19.42464688350395,26.672713921644853,32.98777590600838
normalisedAcceleration,1pct,3,23150,18115,78.25053995680345,0.000032607319791658515,0.000046594114536528775,0.00006595302259323066,537.5903947005244,259,697,921.2000000000007,1588.6000000000004,14.000000000000002,23.706263498920084,45.81857451403888,59.3218142548596,69.33477321814256,74.84665226781857,78.25053995680345
normalisedAcceleration,2pct,3,23150,14139,61.0755939524838,0.000032607319791658515,0.000046594114536528775,0.00006595302259323066,884.3097107291887,593,1391,1631,2172,2.8034557235421165,6.859611231101511,21.533477321814253,34.038876889848815,46.59611231101512,54.74298056155508,61.0755939524838
normalisedAcceleration,4pct,3,23150,9234,39.88768898488121,0.000032607319791658515,0.000046594114536528775,0.00006595302259323066,1173.4923110244747,1017,1787,1972.4000000000005,2436.7000000000007,0.38876889848812096,1.4038876889848813,7.019438444924406,14.794816414686826,26.00863930885529,33.50755939524838,39.88768898488121
normalisedAcceleration,1pct,4,23151,19113,82.55798885577296,0.00006595408789408405,0.00009283158975418118,0.0001345039103328229,413.89729503479305,165,470,610,1262,21.813312599887695,34.59893741091097,57.58714526370351,68.76160856982419,75.77642434452075,79.57755604509525,82.55798885577296
normalisedAcceleration,2pct,4,23151,15486,66.89127899442788,0.00006595408789408405,0.00009283158975418118,0.0001345039103328229,751.3485083301047,454,1113,1354,2027,4.738456222193426,10.669085568657941,28.724461146386766,42.83616258476955,54.73629648827264,61.44011057837674,66.89127899442788
normalisedAcceleration,4pct,4,23151,10711,46.26582005096972,0.00006595408789408405,0.00009283158975418118,0.0001345039103328229,1088.8847913360098,881,1656,1874,2317,0.7256705973824025,2.302276359552503,9.645371690207766,19.247548701999914,31.90358947777634,40.00259168070494,46.26582005096972
normalisedAcceleration,1pct,5,23150,20418,88.19870410367172,0.0001345129841423444,0.00021917356715590782,0.011323941511089645,283.38588500342837,78,272,373,783.2999999999993,39.295896328293736,51.84881209503239,70.06479481641469,78.69978401727862,83.67602591792657,86.12958963282938,88.19870410367172
normalisedAcceleration,2pct,5,23150,17353,74.95896328293736,0.0001345129841423444,0.00021917356715590782,0.011323941511089645,554.3079006511842,277,711,902,1607.800000000001,13.261339092872571,22.38876889848812,42.406047516198704,56.53131749460043,66.36717062634989,70.96328293736501,74.95896328293736
normalisedAcceleration,4pct,5,23150,12988,56.103671706263505,0.0001345129841423444,0.00021917356715590782,0.011323941511089645,880.6919464120726,661,1315,1509.6000000000004,2125,2.539956803455724,5.956803455723542,17.511879049676025,30.21598272138229,43.78401727861771,50.95032397408207,56.103671706263505
slopeStrength,1pct,1,23151,14593,63.03399421191309,2.2647882587960743e-9,0.0000059896558234249284,0.000013622416433478132,926.3202905502638,696,1492,1743,2206,4.686622608094683,9.023368321022849,21.57574186860179,32.24914690510129,46.568182799879054,56.12716513325559,63.03399421191309
slopeStrength,2pct,1,23151,9747,42.10185305170403,2.2647882587960743e-9,0.0000059896558234249284,0.000013622416433478132,1196.8840668923772,1028,1925.5,2109.8,2461,0.9070882467280031,2.4404993304824845,8.729644507796639,15.878363785581618,26.39194851194333,34.21882424085353,42.10185305170403
slopeStrength,4pct,1,23151,5424,23.42879357263185,2.2647882587960743e-9,0.0000059896558234249284,0.000013622416433478132,1374.4105825958702,1314.5,2040.25,2188.4000000000005,2524.3999999999996,0.16845924582091487,0.5010582696211826,2.6046391084618374,5.9781434927216965,12.746749600449226,18.526197572459076,23.42879357263185
slopeStrength,1pct,2,23151,16702,72.14375188976719,0.000013623360885287913,0.000022732607886151374,0.00003439481704268613,686.5106574062986,401,1032,1222,1861.8999999999996,8.219947302492333,15.342749773227936,34.231782644378214,46.987171180510565,60.6280506241631,67.78972830547276,72.14375188976719
slopeStrength,2pct,2,23151,12339,53.29791369703253,0.000013623360885287913,0.000022732607886151374,0.00003439481704268613,1025.5255693330091,820,1630,1822.2000000000044,2297.2000000000007,1.6975508617338344,4.263314759621615,14.725065871884585,24.715994989417304,37.51457820396527,46.27877845449441,53.29791369703253
slopeStrength,4pct,2,23151,7473,32.27938317999223,0.000013623360885287913,0.000022732607886151374,0.00003439481704268613,1282.5633614344974,1192,1922,2124,2478.6000000000004,0.30236274890933434,0.9934776035592415,4.630469526154378,10.176666234719882,19.079089456179,26.163016716340547,32.27938317999223
slopeStrength,1pct,3,23150,17819,76.9719222462203,0.00003439488982821598,0.00004950648407524072,0.00006950904876899935,523.8452775127673,252,688,887,1512.2000000000007,13.360691144708422,23.22246220302376,45.88768898488121,58.501079913606915,68.65226781857451,73.97840172786178,76.9719222462203
slopeStrength,2pct,3,23150,13870,59.91360691144708,0.00003439488982821598,0.00004950648407524072,0.00006950904876899935,874.8643835616439,593,1362.75,1580,2151,2.691144708423326,6.596112311015119,21.123110151187905,33.477321814254864,46.025917926565874,54.00863930885529,59.91360691144708
slopeStrength,4pct,3,23150,9019,38.95896328293736,0.00003439488982821598,0.00004950648407524072,0.00006950904876899935,1175.6897660494512,1009,1802.5,1996.4000000000005,2432.2,0.4449244060475162,1.4384449244060475,6.76889848812095,14.319654427645789,25.377969762419006,32.64794816414687,38.95896328293736
slopeStrength,1pct,4,23151,19281,83.28365945315537,0.00006950970909643214,0.00009699121627267889,0.00014064388465389663,410.12494165240395,169,471,599,1252,21.433199429830243,34.400241890199126,57.850632802038795,69.6341410738197,76.35523303529006,80.5019221631895,83.28365945315537
slopeStrength,2pct,4,23151,15659,67.6385469310181,0.00006950970909643214,0.00009699121627267889,0.00014064388465389663,751.405006705409,457,1109.5,1368.4000000000015,2018,4.639108461837502,10.543821001252645,28.94043453846486,43.16444214072826,55.06025657638979,62.312643082372254,67.6385469310181
slopeStrength,4pct,4,23151,10748,46.42564036110751,0.00006950970909643214,0.00009699121627267889,0.00014064388465389663,1076.6638444361743,881,1636,1859,2293,0.6738369832836595,2.3886657163837413,10.228499848818625,19.208673491425856,32.3614530689819,40.38702431860395,46.42564036110751
slopeStrength,1pct,5,23150,20430,88.25053995680345,0.00014065347427685192,0.00022833685559760887,0.012728965742428681,271.82447381302006,73,256,352,708,40.75593952483801,52.95032397408207,70.84665226781858,79.60691144708424,84.02159827213823,86.21166306695464,88.25053995680345
slopeStrength,2pct,5,23150,17496,75.57667386609072,0.00014065347427685192,0.00022833685559760887,0.012728965742428681,553.3188728852309,277,696,861,1622,13.563714902807774,22.742980561555076,42.88984881209503,57.442764578833696,66.67386609071274,71.377969762419,75.57667386609072
slopeStrength,4pct,5,23150,13115,56.65226781857451,0.00014065347427685192,0.00022833685559760887,0.012728965742428681,890.2650400304994,658,1342,1538,2130,2.4233261339092875,5.766738660907127,17.23110151187905,30.617710583153347,43.74082073434125,51.32613390928725,56.65226781857451
accelerationExcess,1pct,1,23151,14497,62.619325299123155,-0.00013986326670294356,-0.00013400269407278642,-0.00012693546194177306,916.6149548182383,692,1479,1710.800000000001,2181.3999999999996,4.444732408967216,8.725325039955077,21.567102932918665,32.08068765928038,46.460196103840005,56.03213684074122,62.619325299123155
accelerationExcess,2pct,1,23151,9672,41.777892963586886,-0.00013986326670294356,-0.00013400269407278642,-0.00012693546194177306,1188.1851736972706,1028,1894,2087.8,2440,0.9330050537773746,2.2763595525031315,8.68644982938102,15.843808042849123,26.067988423826183,34.15835169107166,41.777892963586886
accelerationExcess,4pct,1,23151,5209,22.500107986696037,-0.00013986326670294356,-0.00013400269407278642,-0.00012693546194177306,1368.3914378959494,1307,2032,2170,2510,0.12526456740529565,0.4492246555224396,2.583041769254028,5.883115200207334,12.185218781046176,17.91715260679884,22.500107986696037
accelerationExcess,1pct,2,23151,16682,72.05736253293594,-0.00012693513337335034,-0.00011817371811897467,-0.00010726307115860754,662.7308476201895,374,995,1196,1827,8.902423221459117,16.059781434927217,35.35484428318431,48.114552287158226,60.977927519329626,68.02297956891711,72.05736253293594
accelerationExcess,2pct,2,23151,12461,53.82488877370308,-0.00012693513337335034,-0.00011817371811897467,-0.00010726307115860754,1015.3122542332076,796,1615,1810,2294,1.762342879357263,4.392898794868472,15.057664895684852,25.42870718327502,37.89901084186428,46.892142887996194,53.82488877370308
accelerationExcess,4pct,2,23151,7637,32.98777590600838,-0.00012693513337335034,-0.00011817371811897467,-0.00010726307115860754,1286.539609794422,1198,1937,2122,2473,0.23325126344434366,0.9761997321929939,4.7039004794609305,10.159388363353635,19.42464688350395,26.672713921644853,32.98777590600838
accelerationExcess,1pct,3,23150,18115,78.25053995680345,-0.0001072600847164384,-0.00009327328997156815,-0.00007391438191486627,537.5903947005244,259,697,921.2000000000007,1588.6000000000004,14.000000000000002,23.706263498920084,45.81857451403888,59.3218142548596,69.33477321814256,74.84665226781857,78.25053995680345
accelerationExcess,2pct,3,23150,14139,61.0755939524838,-0.0001072600847164384,-0.00009327328997156815,-0.00007391438191486627,884.3097107291887,593,1391,1631,2172,2.8034557235421165,6.859611231101511,21.533477321814253,34.038876889848815,46.59611231101512,54.74298056155508,61.0755939524838
accelerationExcess,4pct,3,23150,9234,39.88768898488121,-0.0001072600847164384,-0.00009327328997156815,-0.00007391438191486627,1173.4923110244747,1017,1787,1972.4000000000005,2436.7000000000007,0.38876889848812096,1.4038876889848813,7.019438444924406,14.794816414686826,26.00863930885529,33.50755939524838,39.88768898488121
accelerationExcess,1pct,4,23151,19113,82.55798885577296,-0.00007391331661401288,-0.00004703581475391574,-0.000005363494175274008,413.89729503479305,165,470,610,1262,21.813312599887695,34.59893741091097,57.58714526370351,68.76160856982419,75.77642434452075,79.57755604509525,82.55798885577296
accelerationExcess,2pct,4,23151,15486,66.89127899442788,-0.00007391331661401288,-0.00004703581475391574,-0.000005363494175274008,751.3485083301047,454,1113,1354,2027,4.738456222193426,10.669085568657941,28.724461146386766,42.83616258476955,54.73629648827264,61.44011057837674,66.89127899442788
accelerationExcess,4pct,4,23151,10711,46.26582005096972,-0.00007391331661401288,-0.00004703581475391574,-0.000005363494175274008,1088.8847913360098,881,1656,1874,2317,0.7256705973824025,2.302276359552503,9.645371690207766,19.247548701999914,31.90358947777634,40.00259168070494,46.26582005096972
accelerationExcess,1pct,5,23150,20418,88.19870410367172,-0.0000053544203657525185,0.00007930616264781091,0.011184074106581548,283.38588500342837,78,272,373,783.2999999999993,39.295896328293736,51.84881209503239,70.06479481641469,78.69978401727862,83.67602591792657,86.12958963282938,88.19870410367172
accelerationExcess,2pct,5,23150,17353,74.95896328293736,-0.0000053544203657525185,0.00007930616264781091,0.011184074106581548,554.3079006511842,277,711,902,1607.800000000001,13.261339092872571,22.38876889848812,42.406047516198704,56.53131749460043,66.36717062634989,70.96328293736501,74.95896328293736
accelerationExcess,4pct,5,23150,12988,56.103671706263505,-0.0000053544203657525185,0.00007930616264781091,0.011184074106581548,880.6919464120726,661,1315,1509.6000000000004,2125,2.539956803455724,5.956803455723542,17.511879049676025,30.21598272138229,43.78401727861771,50.95032397408207,56.103671706263505
slopeExcess,1pct,1,23151,14593,63.03399421191309,-0.0001425828512663899,-0.00013659546023122378,-0.00012896269962117056,926.3202905502638,696,1492,1743,2206,4.686622608094683,9.023368321022849,21.57574186860179,32.24914690510129,46.568182799879054,56.12716513325559,63.03399421191309
slopeExcess,2pct,1,23151,9747,42.10185305170403,-0.0001425828512663899,-0.00013659546023122378,-0.00012896269962117056,1196.8840668923772,1028,1925.5,2109.8,2461,0.9070882467280031,2.4404993304824845,8.729644507796639,15.878363785581618,26.39194851194333,34.21882424085353,42.10185305170403
slopeExcess,4pct,1,23151,5424,23.42879357263185,-0.0001425828512663899,-0.00013659546023122378,-0.00012896269962117056,1374.4105825958702,1314.5,2040.25,2188.4000000000005,2524.3999999999996,0.16845924582091487,0.5010582696211826,2.6046391084618374,5.9781434927216965,12.746749600449226,18.526197572459076,23.42879357263185
slopeExcess,1pct,2,23151,16702,72.14375188976719,-0.00012896175516936077,-0.00011985250816849732,-0.00010819029901196258,686.5106574062986,401,1032,1222,1861.8999999999996,8.219947302492333,15.342749773227936,34.231782644378214,46.987171180510565,60.6280506241631,67.78972830547276,72.14375188976719
slopeExcess,2pct,2,23151,12339,53.29791369703253,-0.00012896175516936077,-0.00011985250816849732,-0.00010819029901196258,1025.5255693330091,820,1630,1822.2000000000044,2297.2000000000007,1.6975508617338344,4.263314759621615,14.725065871884585,24.715994989417304,37.51457820396527,46.27877845449441,53.29791369703253
slopeExcess,4pct,2,23151,7473,32.27938317999223,-0.00012896175516936077,-0.00011985250816849732,-0.00010819029901196258,1282.5633614344974,1192,1922,2124,2478.6000000000004,0.30236274890933434,0.9934776035592415,4.630469526154378,10.176666234719882,19.079089456179,26.163016716340547,32.27938317999223
slopeExcess,1pct,3,23150,17819,76.9719222462203,-0.00010819022622643272,-0.00009307863197940798,-0.00007307606728564935,523.8452775127673,252,688,887,1512.2000000000007,13.360691144708422,23.22246220302376,45.88768898488121,58.501079913606915,68.65226781857451,73.97840172786178,76.9719222462203
slopeExcess,2pct,3,23150,13870,59.91360691144708,-0.00010819022622643272,-0.00009307863197940798,-0.00007307606728564935,874.8643835616439,593,1362.75,1580,2151,2.691144708423326,6.596112311015119,21.123110151187905,33.477321814254864,46.025917926565874,54.00863930885529,59.91360691144708
slopeExcess,4pct,3,23150,9019,38.95896328293736,-0.00010819022622643272,-0.00009307863197940798,-0.00007307606728564935,1175.6897660494512,1009,1802.5,1996.4000000000005,2432.2,0.4449244060475162,1.4384449244060475,6.76889848812095,14.319654427645789,25.377969762419006,32.64794816414687,38.95896328293736
slopeExcess,1pct,4,23151,19281,83.28365945315537,-0.00007307540695821656,-0.00004559389978196981,-0.0000019412314007520625,410.12494165240395,169,471,599,1252,21.433199429830243,34.400241890199126,57.850632802038795,69.6341410738197,76.35523303529006,80.5019221631895,83.28365945315537
slopeExcess,2pct,4,23151,15659,67.6385469310181,-0.00007307540695821656,-0.00004559389978196981,-0.0000019412314007520625,751.405006705409,457,1109.5,1368.4000000000015,2018,4.639108461837502,10.543821001252645,28.94043453846486,43.16444214072826,55.06025657638979,62.312643082372254,67.6385469310181
slopeExcess,4pct,4,23151,10748,46.42564036110751,-0.00007307540695821656,-0.00004559389978196981,-0.0000019412314007520625,1076.6638444361743,881,1636,1859,2293,0.6738369832836595,2.3886657163837413,10.228499848818625,19.208673491425856,32.3614530689819,40.38702431860395,46.42564036110751
slopeExcess,1pct,5,23150,20430,88.25053995680345,-0.000001931641777796778,0.00008575173954296015,0.012586380626374032,271.82447381302006,73,256,352,708,40.75593952483801,52.95032397408207,70.84665226781858,79.60691144708424,84.02159827213823,86.21166306695464,88.25053995680345
slopeExcess,2pct,5,23150,17496,75.57667386609072,-0.000001931641777796778,0.00008575173954296015,0.012586380626374032,553.3188728852309,277,696,861,1622,13.563714902807774,22.742980561555076,42.88984881209503,57.442764578833696,66.67386609071274,71.377969762419,75.57667386609072
slopeExcess,4pct,5,23150,13115,56.65226781857451,-0.000001931641777796778,0.00008575173954296015,0.012586380626374032,890.2650400304994,658,1342,1538,2130,2.4233261339092875,5.766738660907127,17.23110151187905,30.617710583153347,43.74082073434125,51.32613390928725,56.65226781857451
combinedStrength,1pct,1,23151,13810,59.651850891970106,5.091725243251042e-8,0.000022146765475384076,0.00004001169235999664,1040.4041998551775,874,1650,1861,2252,2.2288454062459504,4.798928771975293,15.36866658027731,25.566930154205004,41.687184138914084,52.464256403611074,59.651850891970106
combinedStrength,2pct,1,23151,8742,37.7607878709343,5.091725243251042e-8,0.000022146765475384076,0.00004001169235999664,1321.0105239075726,1208.5,2049,2233,2476.9000000000005,0.4189883806315062,1.1273811066476611,5.688739147337048,11.33860308410004,21.251781780484645,29.56243790764978,37.7607878709343
combinedStrength,4pct,1,23151,4360,18.83287978920997,5.091725243251042e-8,0.000022146765475384076,0.00004001169235999664,1485.0738532110092,1485,2143,2279,2577,0.0647920176234288,0.23325126344434366,1.4858969374973003,3.814090104099175,9.139993952745023,14.24560494147121,18.83287978920997
combinedStrength,1pct,2,23151,16542,71.45263703511728,0.00004001423851016781,0.00005977127688784081,0.00008412193053862271,677.7905331882481,421,1007.75,1184,1746,6.392812405511641,13.29964148416915,32.780441449613406,47.13403308712367,61.0599974083193,67.51760183145437,71.45263703511728
combinedStrength,2pct,2,23151,12384,53.49228974990281,0.00004001423851016781,0.00005977127688784081,0.00008412193053862271,1044.1132105943152,854,1632,1795,2283,1.1662563172217182,3.4685326767742213,13.468100729990065,24.093991620232387,37.50161980044059,46.62433588181936,53.49228974990281
combinedStrength,4pct,2,23151,7556,32.63789901084186,0.00004001423851016781,0.00005977127688784081,0.00008412193053862271,1322.7952620434091,1251,1963.25,2151,2497,0.16413977797935295,0.6349617727096022,3.9609520107122806,9.710163707831196,18.5909895900825,26.17597511986523,32.63789901084186
combinedStrength,1pct,3,23150,18291,79.01079913606911,0.00008412273457685901,0.00011360203665313342,0.000151085113150717,514.1067191514953,241,636,818,1543,13.131749460043196,23.840172786177106,48.6133909287257,61.54211663066954,70.32829373650108,75.68466522678186,79.01079913606911
combinedStrength,2pct,3,23150,14316,61.840172786177106,0.00008412273457685901,0.00011360203665313342,0.000151085113150717,882.7429449566918,600,1370,1603,2161,2.4406047516198703,6.323974082073434,21.645788336933045,34.39308855291577,47.41252699784017,55.650107991360684,61.840172786177106
combinedStrength,4pct,3,23150,9138,39.47300215982722,0.00008412273457685901,0.00011360203665313342,0.000151085113150717,1192.2514773473408,1048,1800,1998.6000000000004,2436.300000000001,0.36285097192224625,1.2915766738660908,6.777537796976242,13.732181425485962,25.50323974082073,33.170626349892004,39.47300215982722
combinedStrength,1pct,4,23151,19635,84.8127510690683,0.00015108542140938866,0.00020187461093475978,0.00027738853956514847,394.40560224089637,155,426,577,1195.6000000000022,22.603775214893528,36.88825536693879,60.852662951924316,71.6988467020863,78.02686708997452,81.9532633579543,84.8127510690683
combinedStrength,2pct,4,23151,16041,69.28858364649474,0.00015108542140938866,0.00020187461093475978,0.00027738853956514847,738.6626768904682,444,1072,1331,2023,4.552719105006263,10.902336832102286,29.95119001339035,45.11684160511425,56.93490561962766,63.759664809295494,69.28858364649474
combinedStrength,4pct,4,23151,11345,49.00436266251998,0.00015108542140938866,0.00020187461093475978,0.00027738853956514847,1082.1216394887615,880,1653,1870,2295.6000000000004,0.8293378255798887,2.5398470908384088,10.513584726361712,20.197831627143536,34.037406591507924,42.430132607662735,49.00436266251998
combinedStrength,1pct,5,23150,20547,88.75593952483801,0.0002773891130515896,0.0004182587666477434,0.015591780347063725,245.85642672896287,62,217,313,651,44.09935205183586,56.112311015118784,72.77753779697625,81.03671706263499,85.1231101511879,86.98920086393088,88.75593952483801
combinedStrength,2pct,5,23150,17628,76.14686825053995,0.0002773891130515896,0.0004182587666477434,0.015591780347063725,506.9587020648967,244,645,770.6000000000004,1435.300000000001,14.920086393088553,24.764578833693303,45.65442764578834,59.73650107991361,68.5658747300216,72.60043196544277,76.14686825053995
combinedStrength,4pct,5,23150,13380,57.796976241900644,0.0002773891130515896,0.0004182587666477434,0.015591780347063725,840.7568759342302,619,1190,1462.2000000000007,2087,2.591792656587473,6.388768898488122,18.72570194384449,32.84665226781858,46.03455723542116,53.0280777537797,57.796976241900644
accelerationToSlopeRatio,1pct,1,23151,17522,75.68571551984795,0.00016743394967881408,0.1548393674715108,0.3047859104376539,543.4702088802649,241,746,979.8000000000011,1647,17.19148200941644,26.132780441449615,45.02181331259989,56.109887261889334,66.23471988251048,71.9018616906397,75.68571551984795
accelerationToSlopeRatio,2pct,1,23151,13558,58.56334499589651,0.00016743394967881408,0.1548393674715108,0.3047859104376539,854.9417318188523,553,1370,1610,2174,4.466329748175025,8.656213554490087,22.016327588441104,33.93373936331044,44.80583992052179,52.58520150317481,58.56334499589651
accelerationToSlopeRatio,4pct,1,23151,8834,38.158178912358,0.00016743394967881408,0.1548393674715108,0.3047859104376539,1135.1306316504415,941.5,1775.75,1950.4000000000005,2354.7,0.5831281586108591,1.8703295753963112,7.615221804673664,15.0749427670511,25.078830288108506,32.55150965401062,38.158178912358
accelerationToSlopeRatio,1pct,2,23151,17951,77.53876722387801,0.30479998117239104,0.479792403589251,0.695672991950126,524.6720516962844,224,690,914,1626,18.49596129756814,27.756900349876894,47.06060213381711,58.89594401969678,68.35557859271738,73.71603818409572,77.53876722387801
accelerationToSlopeRatio,2pct,2,23151,14149,61.1161504902596,0.30479998117239104,0.479792403589251,0.695672991950126,826.2460951303979,532,1293,1545,2165,5.053777374627446,9.930456567750854,24.245172994687056,36.149626366031704,47.54870199991361,54.934992008984494,61.1161504902596
accelerationToSlopeRatio,4pct,2,23151,9386,40.542525160900176,0.30479998117239104,0.479792403589251,0.695672991950126,1102.913914340507,903,1706,1908,2376.5,0.9070882467280031,2.2893179560278174,8.582782601183535,16.733618418210877,27.618677378946916,34.65077102500972,40.542525160900176
accelerationToSlopeRatio,1pct,3,23150,17995,77.73218142548596,0.6956954223355905,0.9678389030646204,1.3461624583232694,512.2764656849125,214,671,884.2000000000007,1588,18.954643628509718,28.302375809935203,48.0475161987041,59.399568034557234,68.85529157667388,74.0561555075594,77.73218142548596
accelerationToSlopeRatio,2pct,3,23150,14294,61.745140388768895,0.6956954223355905,0.9678389030646204,1.3461624583232694,821.7670351196306,523,1278.75,1526,2155,5.209503239740821,10.086393088552915,24.63498920086393,36.574514038876885,48.2634989200864,55.5939524838013,61.745140388768895
accelerationToSlopeRatio,4pct,3,23150,9535,41.18790496760259,0.6956954223355905,0.9678389030646204,1.3461624583232694,1098.2701625589932,898,1685,1898,2381.6000000000004,0.9200863930885529,2.3844492440604754,8.760259179265658,17.123110151187902,27.987041036717063,35.330453563714904,41.18790496760259
accelerationToSlopeRatio,1pct,4,23151,17937,77.47829467409615,1.3462390428262703,1.9433387435732246,3.054010904384073,522.8186430283771,223,692,928,1616,18.007861431471643,27.964234806271865,47.073560537341805,58.749082113083674,68.32966178566801,73.89313636559976,77.47829467409615
accelerationToSlopeRatio,2pct,4,23151,13895,60.01900565850288,1.3462390428262703,1.9433387435732246,3.054010904384073,815.0766462756387,514,1249,1527.2000000000007,2145,4.61319165478813,9.438037233812794,24.227895123320806,36.05459807351734,47.23770031532115,54.15748779750334,60.01900565850288
accelerationToSlopeRatio,4pct,4,23151,9334,40.317912833138955,1.3462390428262703,1.9433387435732246,3.054010904384073,1099.4277908720805,909,1692,1911,2379.7000000000007,0.7991015506889552,2.3238736987603126,8.794436525420068,16.595395447280893,27.519329618590987,34.51254805407974,40.317912833138955
accelerationToSlopeRatio,1pct,5,23150,17420,75.24838012958963,3.0540245003688034,6.149116423698892,8844.628789450146,587.9448335246843,260,861,1106,1762.1000000000004,15.805615550755938,24.781857451403887,43.18790496760259,53.82289416846652,64.44924406047517,71.04103671706264,75.24838012958963
accelerationToSlopeRatio,2pct,5,23150,13215,57.084233261339094,3.0540245003688034,6.149116423698892,8844.628789450146,873.8397275822929,575,1375,1640.2000000000007,2207,4.155507559395248,8.475161987041037,21.2829373650108,31.96544276457883,43.809935205183585,50.9244060475162,57.084233261339094
accelerationToSlopeRatio,4pct,5,23150,8690,37.5377969762419,3.0540245003688034,6.149116423698892,8844.628789450146,1125.0857307249712,946,1727.75,1938,2366.1000000000004,0.8034557235421167,2.2203023758099354,7.710583153347732,14.773218142548597,25.101511879049674,32.00431965442764,37.5377969762419
